English	Standard	Silêmanî	Hewlêr	Mehabad	Sine
Come in, please	دە فەرموو دەی	دە فەرموو دەی	دە فەرموو دەی	دە فەرموو دەی	دەی فەرموو دەی
I swear, I chased him to the council right there	وەڵا ڕاوم نا بۆ ئەنجومەنەکەی ئەو بەرە	وەڵا ڕاوم نا بۆ ئەنجومەنەکەی ئەو بەرە	وەڵا ڕاوم نا هەتا ئەنجومەنەکەی ئەوبەری	وەڵا ڕە پێم نا بۆ ئەنجومەنەکەی ئەو بەری	وەڵا ڕاوم نیا بەرەو ئەنجومەنەکەی ئەو بەرە
One time you say remove it, a second time you say reserve it	یەکەم جار ئەڵێی لایبە دووەم جار ئەڵێی حیجزی ئەکەم	یەکەم جار ئەڵێی لایبە دووەم جار ئەڵێی حیجزی ئەکەم	یەکەم جار دەرێی لایبە، دووەم جار دەرێی دەیگرم	یەکەم جار دەڵێی لایبە دووهەم جار دەڵێی ڕزروی کە	ئەوەڵ ڕا ئەیژی لایوە دووەم ڕا ئەیژی ڕزروی کە
Everyone goes with Kurdish clothes	خەڵک کە بە جلی کوردییەوە ئەچێ	خەڵک کە بە جلی کوردییەوە ئەچێ	خەرک کە بە جلکی کوردی دەڕوا	خەڵکی کە بە جلی کوردییەوە دەڕوا	خەڵک کە بە جل کوردییەو ئەچێ
That is none of your business	ئیلاقەی بە جەنابتەوە نییە	ئیلاقەی بە جەنابتەوە نییە	عیلاقەی بە جەنابتەوە نییە	ڕەبتێکی بە جەنابتەوە نێ	ڕەبتی بە جەنابتەو نییە
Don't go! Don't go!	نەڕۆی! نەڕۆی!	نەڕۆی! نەڕۆی!	نەچی! نەچی!	نەڕۆی! نەڕۆی!	نەچی! نەچی!
I swear no one loves and respects law as much as I do	وەڵای کەس بەقەد من قانوونی خۆش ناوێ ئیحترامی ناگرێ	وەڵای کەس بەقەی من قانوونی خۆش ناوێ ئیحترامی ناگرێ	وەڵا کەس بە قەدەرەمن قانوونی خۆش ناوێ ئیحتیرامی ناگری	وەڵڵاهی کەس بە قەد من قانوونی خۆش ناوێ ئیحترامی ناگرێ	وەڵا کە بە قەو من قانوونی خوەش ناگەرەک ئحترامی ناگرێ
What? Did you talk to me?	ها؟ لەگەڵ منتان بوو	ها؟ لەگەڵ منتان بوو	ها؟ لەگەر منتان بوو	ها؟ دەگەڵ منتان بوو	ها؟ لەتەک منتان بوو
They receive and they allow them	وەرئەگرن و ئیجازەیان ئەدەینێ	وەرئەگرن و ئیجازەیان ئەیەنێ	وەردەگرن و ئینجازەیان دەدەنێ	وەردەگرن و ئیجازەیان دەدەنێ	ئەگرن و ئیجازەیان پێ ئان
It doesn't have that of Kulera bread.	هینی کولێرەی پێوە نییە	هینی کولێرەی پێوە نییە	ئی کولێرەی پێوە نێ	ئی کوللێرەی پێوە نێ	هین کولێرەی پێو نییە
It doesn't have the thingy of Kulera bread.	هینی کولێرەی پێوە نییە	هینی کولێرەی پێوە نییە	هەرامەی کولێرەی پێوە نییە	ئی کوللێرەی پێوە نێ	هین کولێرەی پێو نییە
My dear, you have misunderstood. 	چاوەکەم ئێوە خراپ حاڵی بوون	چاوەکەم ئێوە خراپ حاڵی بوون	چاوەکەم ئەنگۆ خراپ حاری بووینە	چاوەکەم ئەنگۆ خراپ حاڵی بوون	چاوەکەم ئێوە خراو حاڵی بووگن
Well, we have two types of petrol.	وەڵا بەنزین دوو نۆعمان هەیە	وەڵا بەنزین دوو نۆعمان هەیە	وەڵا بەنزین دوو نەوعمان هەیە	وەڵا بەنزین دوو نەوعمان هەیە	وەڵا بنزین دوو نەوعمان هەس
He is right. I saw it on TV that they had their equipment.	ڕاست ئەکا لە تەلەفزۆندا بینیم کەل و پەلەکانیان بوو	ڕاست ئەکا لە تەلەفزۆنا بینیم کەل و پەلەکانیان بوو	ڕاست دەکا لە تەلەفزیۆن دیتم کەل و پەلەکانیان بوو	ڕاست دەکا لە تلویزیۆندا بینیم کەل و پەلەکانیان بوون	ڕاس ئەکا لە تلویزیۆنا دیم کەل و پەلەکانیان بوو
You don't get involved. 	تۆ خۆتی تێ هەڵمەقورتێنە	تۆ خۆتی تێ هەڵمەقورتێنە	ئەتوو خۆ تێ هەرمەقوتێنە	ئەتۆ خۆتی تێ هەڵمەقورتێنە	تۆ خوەتی تێ هەڵمەقورتنە
Yes, sure.	بەڵێ باشە	بەڵێ باشە	بەرێ باشە	بەڵێ باشە	بەڵێ باشە
The oppressed generation, the squeezed and poor generation	چینی چەوساوە و چینی فلیقاوە و هەژار	چینی چەوساوە و چینی فلیقاوە و هەژار	چینی چاوەساوە و چینی فلیقاوە و هەژار	چینی چەوساوە و چینی فلیقاوە و هەژار	چین چەوسیاگ و چین فلیقیاگ و هەژار
It is made for this thing.	بۆ ئەم شتە دانراوە	بۆ ئەم شتە دانراوە	لۆ ئەو شتەی داندرایە	بۆ ئەو شتەی داندراوە	بۆ ئەم چتە دانریاگە
I say it's ours, I don't mean to say that	ئەڵێم هی خۆمانە مەخسەدم ئەوە نییە کە بڵێم	ئەڵێم هی خۆمانە مەخسەدم ئەوە نییە کە بڵێم	دەرێم ئی خۆمانە، مەخسەدم ئەوە نییە کە برێم	دەڵێم ئی خۆمانە مەنزوورم ئەوە نێ کە بڵێم	ئەیژم هین خوەمانە مەنزوورم ئەوە نییە کە بێژم
Yeah, if that so, you have bought from me as much as six thousands	ئێ وا بێ بای شەش هەزار شتت لێ کڕیوم	ئێ وا بێ بای شەش هەزار شتت لێ کڕیوم	ئێ ئەوها بی بایی شەش هەزار چشتت لێ کڕیمە	ئەدی وا بێ بای شەش هەزاری شتت لێ کڕیوم	ئەی وا بێ شەش هەزار چتت لێم سەندگە
No one dares to mess with you, dear	کەس حەدی نییە بە تۆ ڕابوێرێ بە قوربان	کەس حەدی نییە بە تۆ ڕابوێرێ بە قوربان	کەس حەددی نییە بە تو ڕابوێری چاوەکەم	کەس حەدی نییە بۆ تۆ ڕابوێرێ بە قوربان	کەسێک حەدی نییە تیتاڵیت پێ بکا خوا قەزات
He brought it to you in the midnight	نیوەشەو بۆی هێناوی	نیوەشەو بۆی هێناوی	نیوەشەوێ لۆی هینای	نیوەشەوێ بۆی هێناوی	نیمەشەو بۆتی هاورگە
Come on, you did not understood well.	چاک تێنەگەیشتی کورە	چاک تێنەگەیشتی کورە	باش تێنەگەیشتی کورە	چاک تێنەگەیشتی کوڕە	خاس تێنەگەیگی کورە
Why? Am I Hammurabi that he runs over me	بۆ من حاموڕابیم ئینجا بمکا بە ژێرەوە	بۆ من حاموڕابیم ئینجا بمکا بە ژێرەوە	لۆ چما ئەمن حاموڕابیمە ئەوجا بمکاتە بنەوە	بۆ ئەمن حاموڕابیم جا بمکا بە ژێرەوە	بۆچە من حاموڕابیم جا بمکا بە ژێرەو
So that people can use it	بۆ ئەوەی خەڵک ئیسفادەی لێ بکا	بۆ ئەوەی خەڵک ئیسفادەی لێ بکا	لۆ ئەوەی خەرک ئیستیفادە لێ بکا	بۆ ئەوەی خەڵکی ئیستفادەی لێ بکا	بۆ ئەوە خەڵک ئستفادەی لێ بکا
I swear that policeman is right. Honestly, I don't know.	بەخوا ڕاست ئەکا ئەو پۆلیسە وەڵاهی نازانم	بەخوا ڕاست ئەکا ئەو پۆلیسە وەڵاهی نازانم	بەخوای ڕاست دەکا ئەو پۆلیسەی وەڵاهی نازانم	بەخودای ڕاست دەکا ئەو پۆلیسەی وەڵاهی نازانم	بەخوا ڕاس ئەکا ئەو پولیسە وەڵا نازانم
Haven't you heard that the Earth rests on a bull's back	ناڵێن دنیا لەسەر پشتی گایە	ناڵێن دنیا لەسەر پشتی گایە	ئەدی نارێن دنیا لەسەر پشتی گایە	ناڵێن دنیا لەسەر پشتی گایە	نایژن دنیا لە سەر پشت گاس
Hey dude, why don't you pick yourself up and go after your business 	ئەرێ کاکە تۆ بۆ هەڵناستی بچی بەلای ئیشتەوە	ئەرێ کاکە تۆ بۆ هەڵناستی بچی بەلای ئیشتەوە	ئەرێ کاکە ئەتوو لۆ هەرناستی بچییە دوو ئیشت	ئەرێ کاکە ئەتۆ بۆ هەڵناستی بڕۆی بە دووی کارتەوە	ئەرێ کاکە تۆ بۆچە هەڵناسی بچی بە لای کارتەو
Oh my god, that's crazy!	بەخوا سەیرە	بەخوا سەیرە	بەخوای سەیرە 	بە خودای سەیرە	بەخوا سەیرە
Come here, come here. Of course I know now.	وەرە ئێرە وەرە ئەی چۆن ئەزانم ئێستە	وەرە ئێرە وەرە ئەی چۆن ئەزانم ئێستە	وەرە ئێرە وەرە ئەدی کوو دەزانم ئێستا	وەرە ئێرە وەرە ئەدی چۆن دەزانم ئێستە	بێرە ئێرە بێرەو ئەی چۆن ئەزانم ئیسە
Those countries that have moral police have a lot of policemen.	ئەو وڵاتانەی کە پۆلیسی ئادابیان هەیە پۆلیسێکی زۆریان هەیە	ئەو وڵاتانەی کە پۆلیسی ئادابیان هەیە پۆلیسێکی زۆریان هەیە	ئەو وڵاتانەی پۆلیسی ئادابیان هەیە پۆلیسەکی زۆریان هەیە	ئەو وڵاتانەی کە پۆلیسی ئادابیان هەیە پۆلیسێکی زۆریان هەیە	ئەو وڵاتگەلە کە پولیس ئادابیان هەس پۆلیسێک فرەیان هەس
If you're called Muhammad Karim, then you are not from the municipality.	کەی تۆ ناوت حەمە کەریمە تۆ شارەوانی نیت	کەی تۆ ناوت حەمە کەریمە تۆ شارەوانی نیت	کەنگی ئەتوو ناوت حەمە کەریمە ئەتوو شارەوانی نی	کەنگێ ئەتۆ نێوت حەمە کەریمە ئەتۆ شارەوانی نی	کەی تۆ ناوت حەمە کەریمە تۆ شارەوانی نیت
Alright, have you ever seen a sheep?	ئێ باشە قەت مەڕێکت دیوە	ئێ باشە قەت مەڕێکت دیوە	ئێ باشە قەت مەڕەکت دیتییە	ئەدی باشە قەت مەڕێکت دیوە	دەی باشە هیچوەخت پەزێکت دیگە
But why, Mr. Karim, don't you follow him?	بەڵام ئەلێم کاک کەریم بۆ بە قسەی ناکەی	بەڵام ئەلێم کاک کەریم بۆ بە قسەی ناکەی	بەس دەرێم کاک کەریم لۆ بە قسەی ناکەی	بەڵام دەلێم کاک کەریم بۆ بە قسەی ناکەی	وەلێ ئەیژم کا کەریم بۆچە بە قسەی ناکەی
Whatever. I take it and leave. I won't stay around anymore.	تەواو کاکە هەڵیئەگرم ئەڕۆم هەر لەم ناوەدا نامێنم	تەواو کاکە هەڵیئەگرم ئەڕۆم هەر لەم ناوەیا نامێنم	تەواو کاکە هەریدەگرم دەڕۆم لەو دەوروبەرەی نامینێم	باشە کاکە هەڵیدەگرم دەڕۆم هەر دەو ناوەیدا نامێنم	باشە کاکە هەڵیئەگرم ئەڕم هەر لەم ناوە نامێنم
Look! Look! What are you laughing at exactly?	ئادەی ئادەی جوان جوان سەیرم کە بە چی پێ ئەکەنی	ئادەی ئادەی جوان جوان سەیرم کە بە چی پێ ئەکەنی	کا کا جوان جوان تەماشام کە بە چ پێدەکەنی	ئادەی ئادەی جوان جوان سەیرم کە بە چی پێ دەکەنی	ئادەی ئادەی خاس خاس تواشام کە بە چی ئەکەنی
He is right cause it just came to him by message now.	ڕاس ئەکا ئاخر ئێسا بە مەسج بۆی هات	ڕاس ئەکا ئاخر ئێسا بە مەسج بۆی هاوو	ڕاست دەکا ئاخە ئێستا بە نامە لۆی هات	ڕاست دەکا ئاخە ئێستە بە پەیام بۆی هات	ڕاس ئەکا ئاخر ئیسە بە پەیام بۆی هات
OK how much is petrol, please?	ئەی بەنزین بە چەنە زەحمەت نەبێ	ئەی بەنزین بە چەنە زەحمەت نەبێ	ئەدی بەنزین بە چەندییە زەحمەت نەبی	ئەدی بەنزین بە چەندی زەحمەت نەبێ	ئەی بنزین چەنێکە بێ زەحمەت
Oh, how you are not welcomed!	دەک بە خێر نەیەنەوە یاخوا	دەک بە خێر نەیەنەوە یاخوا	ئەی بەخێر نێیەوە یاخوە	دەک بە خێر نەیەنەوە یاخودا	ئەی بە خەیر نەینەو یاخوا
Oh, you don't have a bit of respect for law.	ئەوە تۆ یەک دەنک ئیحترامی قانوونت لا نییە	ئەوە تۆ یەک دەنک ئیحترامی قانوونت لا نییە	ئەوە ئەتوو هیچ ئیحتیرامی قانوونت لە کن نییە	ئەوە ئەتۆ یەک دەنک ئیحترامی قانوونت لا نییە	ئەوە تۆ هیچێ ئیحترام قانوونت لا نییە
For that, one should only scream on him to say	ئەوە هەر هەقە هاواری لێ بکەی بڵێی	ئەوە هەر هەقە هاواری لێ بکەی بڵێی	ئەوە هەر حەقە هاواری لێ بکەی برێی	ئەوە هەر هەقە هاواری لێ بکەی بڵێی	ئەوە هەر هەقە هاواری لێ بکەی بێژی
This guy doesn't have a problem; we are old and disabled	ئەم کوڕە عەیبی نییە ئێمە پیر و پەکەوتەین	ئەم کوڕە عەیبی نییە ئێمە پیر و پەکەوتەین	ئەو کوڕە عەیبی نییە ئەمە پیر و کەترەینە 	ئەم کوڕە عەیبی نییە ئێمە پیر و پەککەوتەین	ئەم کوڕە عەیبی نییە ئێمە پیر و پەککەفتگتین
This guy doesn't have a problem; we are old and disabled	ئەم کوڕە عەیبی نییە ئێمە پیر و پەکەوتەین	ئەم کوڕە عەیبی نییە ئێمە پیر و پەکەوتەین	ئەو کوڕە عەیبی نییە ئەمە پیر و پەککەوتەینە	ئەم کوڕە عەیبی نییە ئێمە پیر و پەککەوتەین	ئەم کوڕە عەیبی نییە ئێمە پیر و پەککەفتگتین
You come back after six months	تۆ شەش مانگی کە وەرەوە	تۆ شەش مانگی کە وەرەوە	ئەتوو شەش مانگی کە وەرەوە	ئەتۆ شەش مانگی دی وەرەوە	تۆ شەش مانگ تر بێرەو
What opium and smuggled gold? What have you thought about here?	کوا تلیاکی چی و ئاڵتونی قاچاغی چی بۆ ئێرە بە کوێ ئەزانی تۆ	کوا تلیاکی چی و ئاڵتونی قاچاغی چی بۆ ئێرە بە کوێ ئەزانی تۆ	کا تلیاکی چ و زێڕی قاچاغی چ لۆ ئێرە بە کێندەر تێگەیشتی ئەتوو	لە کۆ تلیاکی چی و زێڕی قاچاغی چی بۆ ئێرە بە کۆ دەزانی ئەتۆ	کوا تلیاک چە و تەڵای قاچاغ چە بۆچە ئێرە بە کوێ ئەزانی تۆ
I don't say anything but they are liars.	من هیچ ناڵێم بەڵام درۆزنن	من هیچ ناڵێم بەڵام درۆزنن	ئەمن هیچ نارێم بەس درۆزنن	ئەمن هیچ ناڵێم بەڵام درۆزنن	من هیچێ نایژم وەلێ درۆزنن
OK, but what wrong? Make the call with the hospital telephone.	ئێ جا قەی چی ئەکا، بە نۆرماڵەکەی خەستەخانە بیکە	ئێ جا قەی چی ئەکا، بە نۆرماڵەکەی خەستەخانە بیکە	ئێ ئەوجا قەیدی ناکا، بە تەلەفۆنەکەی خەستەخانەی بیکە	دە جا چ قەیدێکی دەکا، بە ژمارەی بیمارستانێ بیکە	دە قەی چە ئەکا، بە شومارەی بیمارستان بیکە
Here I say it's not ours.	ئێرە من ئەڵێم هینی خۆمان نییە	ئێرە من ئەڵێم هینی خۆمان نییە	ئێرە ئەمن دەرێم ئی خۆمان نییە	ئێرە ئەمن دەڵێم ئی خۆمان نییە	ئێرە من ئەیژم هین خوەمان نییە
You talk about those stuffs, the Kurdish national products 	تۆ باسی ئەو هینانە بکە بەرهەمە نیشتیمانیە کوردییەکان	تۆ باسی ئەو هینانە بکە بەرهەمە نیشتیمانیە کوردییەکان	ئەتوو باسی ئەوانە بکە بەرهەمە نیشتیمانییە کوردییەکان	ئەتۆ باسی ئەو وانێکانە بکە بەرهەمە نیشتیمانییە کوردییەکان	تۆ باس ئەو هینگەلە بکە بەرهەمە نیشتمانییە کوردییەکان
I bother you	من ئێوە ئیزعاج ئەکەم	من ئێوە ئیزعاج ئەکەم	ئەمن ئەنگۆ ئیزعاج ناکەم	ئەمن نگۆ ناڕەحەت دەکەم	من ئێوە ناڕەحەت ئەکەم
Uncle, we have two.	خاڵە گیان دوانمان هەیە	خاڵە گیان دوانمان هەیە	خارە گیان دوومان هەیە	خاڵە گیان دوانمان هەیە	خاڵۆ گیان دوانمان هەس
You look at this miserable! My father, I am a policeman	تۆ سەیری ئا ئەم نەگبەتە کە! باوکی من، من پۆلیسم	تۆ سەیری ئا ئەم نەگبەتە کە! باوکی من، من پۆلیسم	ئەتوو تەماشا ئەو فەقیرحارەی کە! بابی من، ئەمن پۆلیسم	ئەتۆ چاو لەم نەگبەتە کە! بابی من، ئەمن پۆلیسم	تۆ تواشای ئا ئەم نەگبەتە کە! باوک من، من پولیسم
OK, why does he need ears? Tell me so that he also listens.	ئێ بابە گوێچکەی بۆ چییە پێم بڵێ با ئەویش گوێی لێبێ	ئێ بابە گوێچکەی بۆ چییە پێم بڵێ با ئەویش گوێی لێبێ	ئێ بابە گوێی لۆ چییە پێم برێ با ئەویش گوێی لێ بی	دە بابە گۆی بۆ چێ پێم بڵێ با ئەویش گۆی لێ بێ	دەی باوا گوێچکەی بۆ چەس پێم بێژە با ئەویش گوێچکەی لێ بێ
One would say you have no clue, you hapless	کورە ئەمە تۆ ئەڵێی لە گوێی گادا خەوتووی مردوو مرێ	کورە ئەمە تۆ ئەڵێی لە گوێی گایا خەوتووی مردوو مرێ	کورە ئەوە ئەتوو دەرێی لە گوێی گای نووستی مارت کاول نەبی	کوڕە ئەوە ئەتۆ دەڵێی دە گۆی گادا نووستووی ماڵتا	کورە ئەمە تۆ چما لە گوێچکەی گا خەفتگی ماڵت ئاوا
He has misunderstood. Give glad tidings to him.	وەڵا خراپی تێگەیشتووە موژدەی بەرێ	وەڵا خراپی تێگەیشتووە موژدەی بەرێ	وەڵا خراپ تێگەیشتییە موژدەی بدێ	وەڵا خراپ تێگەیشتووە موژدەی دەیە	وەڵا خراو تێگەیگە موژدەی پێ بە
You think they have stopped these ridiculous acts?	وا ئەزانی ئەم فعلە قۆڕانەیان نەماوە	وا ئەزانی ئەم فعلە قۆڕانەیان نەماوە	وا دەزانی ئەو فعلە قۆڕانەیان نەمایە	وا دەزانی ئەم کارە قۆڕانەیان نەماوە	وا ئەزانی ئەم کارە قۆڕگەلیانە نەماگە
Whatever! You're leaving it, you're not leaving it, to hell.	حەی حەی کوڕە چۆڵی ئەکەی چۆڵی ناکەی بە جەهەنەم	حەی حەی کوڕە چۆڵی ئەکەی چۆڵی ناکەی بە جەهەنەم	ئەی ئەی کورە چۆلی نەکەی چۆلی ناکەی بە جەهەننەم	حەی حەی کوڕە چۆڵی دەکەی چۆڵی ناکەی بە جەهەندەم	حەی حەی کورە چۆڵی ئەکەی چۆڵی ناکەی بە جەهەنەم
Come so that I tell you.	وەرە با پێو بڵێم	وەرە با پێو بڵێم	وەرە با پێت برێم	وەرە با پێت بڵێم	بێ با پێت بێژم
Oh, please man, I myself like to not be here.	دە تخوا کاکە گیان خۆم حەز ئەکەم لێرەدا نەبم	دە تخوا کاکە گیان خۆم حەز ئەکەم لێرەیا نەبم	دە تخوا کاکە گیان بەخۆم حەزم لێیە لێرە نەبم	دە توخودا کاکە گیان بۆخۆم پێم خۆشە لێرەدا نەبم	دەی تخوا کاکە گیان خوەم حەز ئەکەم لێرا نەوم
He should have gone inside.	دەبا بچوا ژوورەوە	دەبا بچوا ژوورەوە	دەبا بچووبا ژۆرێ	دەبا چووبایە ژوورەوە	مەشیا بچوایتە ماڵەو
Yes of course, it had an issue.	ئەروەڵا نوقسانی هەبوو ئەی چۆن	ئەروەڵا نوقسانی هەبوو ئەی چۆن	ئەرێوەڵا نوقستانی هەبوو ئەدی کوو	ئەرێ وەڵڵا نوقسانی هەبوو ئەی چۆن	ئەڕێ وەڵڵا نوقسانی بوو ئەی چۆن
Only you are an experienced person and that's it.	بەس تۆ پیاوێکی بەتەجروبەیت و تەواو	بەس تۆ پیاوێکی بەتەجروبەیت و تەواو	 بەس ئەتوو پیاوەکی بەتەجروبەی و تەواو	فەقەت ئەتۆ پیاوێکی بەتەجروبەیت و تەواو	فەقەت تۆ پیاگێک باتەجروبەیت و تواو
Oh no, why is it forbidden?	ئێڕۆ بۆچی مەمنووعە	ئێڕۆ بۆچی مەمنووعە	ئەیڕۆ لۆ مەمنووعە	ئێڕۆ بۆچی مەمنووعە	ئەیەڕۆ بۆچە مەمنووعە
What is it? Do you want to mess with me?	چییە ئەتانەوێ پێم ڕابوێرن	چییە ئەتانەوێ پێم ڕابوێرن	چییە دەتانهەوێ پێم ڕابوێرن	چییە دەتانەوێ پێم ڕابوێرن	چەس گەرەکتانە تیتاڵیم پێ بکەن
This is not being pulled. It is being picked.	ئەمە ڕاناکێشرێ ئەمە هەڵەگیرێ	ئەمە ڕاناکێشرێ ئەمە هەڵەگیرێ	ئەوە ڕاناکێشرێ ئەوە هەردەگیرێ	ئەمە ڕاناکێشدرێ ئەمە هەڵدەگیردرێ	ئەمە ڕاناکێشگێ ئەمە هەڵەگیرگێ
God bless you	ڕەحمە لە دینی	ڕەحمە لە دینی	ڕەحمەت لە دینی	ڕەحمەت لە دینی	ڕەحمە لە دینی
You are so stingy! Come on, make him four.	دە ئەوەندە ڕەزیلی دە چوار دانەی بۆ دروست کە	دە ئەوەنە ڕەزیلی دە چوار دانەی بۆ دروست کە	ئاخە ئۆندە ڕەزیلی دە چارقلی لۆ درووست کە	دە ئەوەندە ڕەزیلی دە چوار دانەی بۆ ساز کە	ئاخر ئەونە ڕەزیلی دەی چوار دانەی بۆ درووس کە
After all, Mrs. Badri, you are weird. That is surgery of cosmetics and stomach and etc  	ئاخر بەدری خان تۆ زۆر سەیری ئەوە عەمەلیاتی تەجمیل و ورگ و شتە	ئاخر بەدری خان تۆ زۆر سەیری ئەوە عەمەلیاتی تەجمیل و ورگ و شتە	ئاخە بەدری خان ئەتوو زۆر تەماشای ئەوە عەمەلیاتی تەجمیل و ورگ و چشتە	ئاخر بەدری خانم ئەتۆ زۆر سەیری ئەوە عەمەلی جوانی و ورگ و شتە	ئاخر بەدری خانم تۆ فرە سەیری ئەوە عەمەڵ زەریفی و ورگ و چتە
Instead of saying congratulations and thank you	لە جیاتی ئەوەی بڵێی پیرۆز بێ دەستو خۆش بێ	لە جیاتی ئەوەی بڵێی پیرۆز بێ دەستو خۆش بێ	لە جیاتی ئەوەی برێی پیرۆزبی دەستت خۆش بی	لە باتی وەی بڵێی پیرۆز بێ دەستت خۆش بێ	لە جیاتی ئەوە بێژی پیرۆز بێ دەسۆ خوەش بێ
He is the owner of this place. Now he can.  	ئەوە ساحێبی ئێرەیە ئێستە ئەتوانێ	ئەوە ساحێبی ئێرەیە ئێستە ئەتوانێ	ئەو ساحێبی ئێرەیە ئێستا دەتانی	ئەوە ساحێبی ئێرەیە ئێستا دەتوانێ	ئەوە ساحێو ئێرەسە ئیسە ئەتوانێ
When he comes, please sir, go from here, OK?	کە ئەو هات فەرموو جەناب ئە بەوێدا بڕۆ، باشە؟	کە ئەو هات فەرموو جەناب ئە بەویا بڕۆ، باشە؟	وەختی ئەو هات فەرموو جەناب ها بێرەدا بڕۆ، باشە؟	ئەگەر ئەو هات فەرموو جەناب ئە بەوێدا بڕۆ، باشە؟	وەختێ ئەو هات فەرموو جەناب ئا لێرەو بڕۆ، باشە؟
What business? Yeah, I heard him.	ئیشی چی و شتی چی ئەرێ گوێم لێ بوو ئەوە	ئیشی چی و شتی چی ئەرێ گوێم لێ بوو ئەوە	ئیشی چ و شتی چ ئەرێ گوێم لەوەی بوو	کاری چی و شتی چی ئەدی گۆم لەوەی بوو	کار چە و چت چە ئەرێ گوێچکەم لێ بوو ئەوە
Now, you were saying sir. Is there any order that we can take care of for you?	ئێستا جەنابت نەتفەرموو. ئەمرێک هەیە ئێمە بۆت جێبەجێ کەین؟	ئێستا جەنابو نەوفەرموو. ئەمرێک هەیە ئێمە بۆو جێبەجێ کەین؟	ئێستا جەنابت دەتفەرموو، ئەمرەکت هەیە ئەمە لۆت جێبەجێ کەین؟	ئێستا جەنابت نەتفەرموو ئەمرێک هەیە ئەمە بۆت جێبەجێ بکەین؟	ئیسە جەنابۆ نەوفەرموو، ئەمرێک هەس ئێمە بۆت جێبەجێ کەین؟
Alright but that wretch should wait for six months?	ئێ باشە ئەو قوڕبەسەرە بۆ شەش مانگ چاوەڕێ بکا؟	ئێ باشە ئەو قوڕبەسەرە بۆ شەش مانگ چاوەڕێ بکا؟	ئێ باشە ئەو قوڕبەسەرە ۆ شەش مانگ چاوەڕێ بکا؟	دە باشە ئەو قوڕبەسەرە بۆ شەش مانگان چاوەنواڕ بکا؟	دەی باشە ئەو هەڕگبەسەرە بۆچە شەش مانگ چاوەڕێ بکا؟
Hey are you fool yourself or you're trying to me one out of us?	ئەرێ ئەوە تۆ خۆت کەری یا ئێمە بەکەر ئەزانی؟!	ئەرێ ئەوە تۆ خۆو کەری یا ئێمە بەکەر ئەزانی؟!	ئەرێ ئەوە ئەتوو بەخۆت کەری یان ئەمە بە کەر دەزانی؟!	ئەرێ ئەوە ئەتۆ خۆت کەری یا ئەمە بە کەر دەزانی؟!	ئەرێ ئەوە تۆ خوەت کەری یا ئێمە بە کەر ئەزانی؟!
Why are you proud of that?	بۆ شانازی بەوە ئەکەی؟	بۆ شانازی بەوە ئەکەی؟	لۆ شانازی بەوەی دەکەی؟	بۆ شانازی بەوەی دەکەی؟	بۆچە شانازی بەوە ئەکەی؟
To play with balls or marbles	بۆ تۆپ تۆپێن یا هەڵماتێن	بۆ تۆپ تۆپێن یا هەڵماتێن	لۆ تۆپانێ یان کەلایانێ	بۆ فووتباڵ یاهەڵماتێن	بۆ تۆپانقاڕ یا هەڵماتێن
Come on, out, come on, leave leave. What is this that you have sent to me?	یەڵا! دەرەوە دەی! یەڵا بڕۆ بڕۆ! ئا ئەمە چییە ناردووتە بۆ من؟!	یەڵا! دەرەوە دەی! یەڵا بڕۆ بڕۆ! ئا ئەمە چییە ناردووتە بۆ من؟!	یاڵا! دەرێ دەی! یاڵا بڕۆ بڕۆ! ئەوە چییە لۆ منت ناردییە؟!	یاڵا! دەرێ دەی! یاڵا بڕۆ بڕۆ! ئەمە چییە ناردووتە بۆ من؟!	یاڵا! بچۆ دەرەو دەی! یەڵا بڕۆ بڕۆ! ئا ئەمە چەس ناردگتە بۆ من؟!
Welcome!	بە خێر بێی	بە خێر بێی	بەخێربێی	بە خێر بێی	بە خێر بی
You know that one of my relatives is a professor at the university	ئێوە ئەزانن خزمێکی من مامۆستایە لە جامیعە	ئێوە ئەزانن خزمێکی من مامۆستایە لە جامیعە	ئەنگۆ دەزانن خزمەکی من مامۆستایە لە جامیعەی	ئەنگۆ دەزانن خزمێکی مە ئوستادە لە دانشگای	ئێوە ئەزانن قەومێک من ئوستادە لە دانشگا
So why don't you go to the sea and to the water?	ئەی بۆ ناچنە سەر بەحر و ئاوەکە	ئەی بۆ ناچنە سەر بەحر و ئاوەکە	ئەدی لۆ ناچنە سەر بەحر و ئاوەکەی	ئەدی بۆ ناچنە نێو دەریا و ئاوەکەی	ئەی بۆچە ناچنە بان دەریا و ئاوەکە
Yes sure. And let me tell you something	ئەرێ وەڵا ئینجا با یەک شتت پێ بڵێم	ئەرێ وەڵا ئینجا با یەک شتو پێ بڵێم	ئەرێ وەڵا ئەوجا با یەک چشتت پێ برێم	ئەڕێ وەڵا جا با یەک شتت پێ بڵێم	ئەڕێ وەڵا جا با یەک شتۆ پێ بێژم
You are turning Malaysian pumpkin into Kurdish one	کوولەکەی مالیزیام لێ ئەکەی بە کوولەکەی کوردی	کوولەکەی مالیزیام لێ ئەکەی بە کوولەکەی کوردی	کودی مالیزیم لێ دەکەیە کودی کوردی	کوولەکەی مالێزیم لێ دەکەی بە کوولەکەی کوردی	کوولەکەی مالێزیم لێ ئەکەی بە کوولەکەی کوردی
Yeah, he is right. It is not worth it for him.	ئێ وایە وا ڕاس ئەکا دەری ناهێنێ بۆی	ئێ وایە وا ڕاس ئەکا دەری ناهێنێ بۆی	ئێ وایە ڕاست دەکا دەر ناینی لۆی	بەدی وایە وا ڕاست دەکا دەری ناهێنێ بۆی	ئەڕێ واسە وا ڕاس ئەکا دەری نایرێ بۆی
I say spread it among all journals maybe it becomes something	ئەڵێم بیگێڕە بە ناو هەموو جەریدەکاندا بەڵکوو ئەمە خوایا هین بێت	ئەڵێم بیگێڕە بە ناو هەموو جەریدەکانا بەڵکوو ئەمە خوایا هین بێت	دەرێم بیگێڕە ناو هەموو جەریدەکاندا بەشکەم خوا بکا ئەوە بی	دەڵێم بیگێڕە بە نێو هەموو مەجەلەکاندا بەڵکەم خودا بکا وانێک بێ	ئەیژم بیگەڕنە بە ناو گشت مەجەلەکانا بەڵکەم ئەمە خوایکا هین بێت
And you sir, you have not understood 	ئینجا جەنابیشت تا ئێستا ئەلف و بێیەکی لێ تێنەگەیشتی	ئینجا جەنابیشو تا ئێسا ئەلف و بێیەکی لێ تێنەگەیشتی	ئەوجا جەنابیشت هەتا ئێستا ئەلف و بێیەکی لێ تێنەگەیشتی	جا جەنابیشت تا ئێستا ئەلف و بێیەکی لێ تێنەگەیشتی	جا جەنابیشۆ تا ئیسە ئەلفبایکی لێ تێنەگەیگی
He says you don't have any idea about law	ئەڵێ تۆ بەهیچ شێوەیەک سەر و سەرکوت لەگەڵ قانوون و مانوونا هەر نییە	ئەڵێ تۆ بەهیچ شێوەیەک سەر و سەرکوت لەگەڵ قانوون و مانوونا هەر نییە	دەرێی ئەتوو بە هیچ شێوەیەک سەر و کارت لەگەر قانوون و مانووندا هەر نییە	دەڵێ ئەتۆ بە هیچ شێوەیەک سەر و کارت دەگەڵ قانوون و مانووندا هەر نییە	ئەیژێ تۆ بە هیچ جۆرێک سەر و کارت لەتەک قانوون و مانوونا هەر نییە
They are going inside	ئەچنە ژوورەوە	ئەچنە ژوورەوە	دەچنە ژۆرێ	دەچنە ژوورێ	ئەچنە ماڵەو
They are distributing that of spider among people	هینی جاڵجاڵۆکە تەوزیع ئەکەن بەناو ماڵانا	هینی جاڵجاڵۆکە تەوزیع ئەکەن بەناو ماڵانا	ئی داپیرۆچکەی تەوزیع دەکەنە سەر ماران	ئی جاڵجاڵۆکەی بڵاو دەکەنەوە بە نێو ماڵاندا	هین کاکڵەمووشان پەخش ئەکەنەو بە ناو ماڵگەلا
You yourself like to call people a lot.	خۆت حەزت لێیە نووکە بۆ خەڵک زۆر بکەی	خۆو حەزو لێیە نووکە بۆ خەڵک زۆر بکەی	بەخۆت حەزت لێیە نووکەی زۆر لۆ خەرکی بکەی	بۆخۆت حەزت لێیە زەنگی زۆر لە خەڵک دەی	خوەت حەز ئەکەی زەنگ فرە بەی لە خەڵک
But how can you enter without a ticket?	ئاخر چۆن بە بێ بیتاقە بچێتە ژوورەوە	ئاخر چۆن بە بێ بیتاقە بچێتە ژوورەوە	ئاخە کوو بە بێ بیتاقە بچییە ژۆرێ	ئاخ چۆن بە بێ شناسنامەی بچییە ژوورێ	ئاخر چۆن بێ شناسنامە بچێتە ماڵەو
Oh no, the deficit is seven hundred and five dinars.	حەی حەی حەوسە و پەنجا دیناری نوقسانە	حەی حەی حەوسە و پەنجا دیناری نوقسانە	ئەی ئەی حەفسەت و پەنجا دیناری نوقستانە	حەی حەی حەفسەد و پەنجا دیناری نوقسانە	حەی حەی حەفسە و پەنجا دینار نوقسانە
Yeah, wisdom, condolences! Wisdom is doomed.	نا نا! مەعریفە، ئێوە خۆش! مەعریفە نەما.	نا نا! مەعریفە، ئێوە خۆش! مەعریفە نەما.	نا نا! مەعریفەت، ئەنگۆ خۆش! مەعریفەت نەما.	نا نا! مەعریفەت، ئەنگۆ خۆش! مەعریفەت نەما.	نا نا! مەعرفەت، ئێوە خوەش! مەعرفەت نەما.
Why not, you can bring two of your relatives also.	ئەی چۆن، ئەشتوانی دوو خزمی خۆت بێنی	ئەی چۆن، ئەشتوانی دوو خزمی خۆت بێنی	ئەدی کوو، دەشتانی دوو خزمی خۆت بینی	ئەی چۆن، دەشتوانی دوو خزمی خۆت بێنی	ئەی چۆن، ئەتوانیتیش دوو قەوم خوەت بێری
You agree with him or go and close it.	لەگەڵی ڕێک بکەوی یا بچی دایخەی	لەگەڵی ڕێک بکەوی یا بچی دایخەی	لەگەری ڕێک بکەوی یان بچی قەپاتی کەی	دەگەڵیدا ڕێک کەوی یا بچی دایخەی	لەتەکیا ڕێک کەفی یا بچی دایخەی
We will send it to your house by email.	بە ئیمەیڵ ئەینێرینەوە بۆ ماڵی جەنابی	بە ئیمەیڵ ئەینێرینەوە بۆ ماڵی جەنابی	بە ئیمەیڵ دەینێرینەوە لۆ ماری جەنابی	بە ئیمەیلێ دەینێرینەوە بۆ ماڵی جەنابی	بە ئیمەیل ئەینێرینەو بۆ ماڵ جەنابی
I am sure nothing is missing.	من تەکیدم نوقسانی نییە	من تەکیدم نوقسانی نییە	ئەمن تەئکیدم نوقستانی نییە	ئەمن موتمەئینم نوقسانی نییە	من موتمەئنم نوقسانی نییە
You've got it wrong	لینگا و قوچ تێگەیشتووی	لینگا و قوچ تێگەیشتووی	بە بەرواژی تێگەیشتیی	هەڵە تێگەیشتووی	عەوەزی تێگەیگی
The doctor is there.	دکتۆر لەوێیە	دکتۆر لەوێیە	دختۆر لەوێیە	دوکتور لەوێیە	دوکتور ها ئێنە
My friend isn't here. I am scolding everyone.	ڕەفیقەکەشم نییە. ئەچم بە گژی هەموو دنیایا.	ڕەفیقەکەشم نییە. ئەچم بە گژی هەموو دنیایا.	برادەرەکەشم نییە. بە گژ هەموو دنیای دەچم.	ڕەفیقەکەشم نێ. بە گژی هەموو دنیای دەچم.	ڕەفێقەکەیشم نییە. ئەچم بە گژ تواو دنیا.
There is a hammock and sunflower seed shells.	جۆلانە و توێکڵە گوڵەبەڕۆژەی لێیە	جۆلانە و توێکڵە گوڵەبەڕۆژەی لێیە	جۆللانە و پەلکە گولەبەڕۆژەی لێیە	جۆللانە و تۆکڵی گوڵەبەڕۆژەی لێیە	جۆلانە و تۆکڵ تۆمی هەس
Such a bastard! I knew him, he is lying. 	ئەی لەو زۆڵە! خۆ ئەمناسێ، درۆ ئەکا.	ئەی لەو زۆڵە! خۆ ئەمناسێ، درۆ ئەکا.	ئەی لەو بیژیە! خۆ دەمناسی، درۆی دەکا	ئەی لەو بیژۆیەی! خۆ دەمناسێ، درۆیان دەکا.	هەی لەو زۆڵە! خۆ ئەمناسێ، درۆ ئەکا.
He is right, those are all forbidden, dear aunt.	ڕاس ئەکا، ئەوانە هەمووی مەمنووعن پوورێ گیان.	ڕاس ئەکا، ئەوانە هەمووی مەمنووعن پوورێ گیان.	ڕاست دەکا، ئەوانە هەمووی مەمنووعن پلە گیان.	ڕاست دەکا، ئەوانە هەمووی مەمنووعن پوورێ گیان.	ڕاس ئەکا، ئەوانە گشتیان مەمنووعن میمکە گیان.
What a situation for God's sake	کەی ئەمە وەزعە بۆ خاتری خوا	کەی ئەمە وەزعە بۆ خاتری خوا	 کەینێ ئەوە وەزعە لۆ خاتری خوای	کەنگێ ئەوە وەزعە بۆ خاتری خوڵای	کەی ئەمە وەزعە بۆ خاتر خوا
Oh no, I swear only you are right	کوڕە نە بە خوا هەر تۆ ڕاسەکەی	کوڕە نە بە خوا هەر تۆ ڕاسەکەی	کورە نا بەخوای هەر ئەتو ڕاستدەکەی	کوڕە نە بە خودای هەر ئەتۆ ڕاست دەکەی	کورە نە بە خوا هەر تۆ ڕاسەکەی
Come on it's a shame. Why are you watching it?	کورە دە عەیبە تۆ بۆ چاوت لێیە	کورە دە عەیبە تۆ بۆ چاوو لێیە	کورە دە عەیبە ئەتو لۆ چاوت لێیە	کوڕە دە عەیبە ئەتۆ بۆ چاوت لێیە	کورە دەی عەیبە تۆ بۆچە چاوو ها پێیەو
Then how do you know?	جا تۆ چووزانی؟!	جا تۆ چووزانی؟!	ئەوجە ئەتو چووزانی؟!	جا ئەتۆ چووزانی؟!	جا تۆ چووزانی؟!
My throat became dry with you. May god dry your throats.	قورگم وشک بوو لەگەڵتاندا. خوا قورگتان وشک کا.	قورگم وشک بوو لەگەڵتانا. خوا قورگتان وشک کا.	قورگم هیشک بوو لەگەرتان. خوا قورگتان هیشک کا.	گەرووم ویشک بوو لەگەڵتاندا. خودا گەرووتان ویشک بکا.	قورگم وشک بوو لەتەکتانا. خوا قورگتان وشک کا.
I apologize. 	مەعزەرەت ئەخوازم	مەعزەرەت ئەخوازم	مەعزەرەت دەخوازم	مەعزەرەت دەخوازم	مەعزەرەت ئەخوازم
How are you, guys?	کاکە چۆنن؟	کاکە چۆنن؟	کاکە کوونە؟	کاکە چۆنن؟	کاکە چۆنن؟
Yeah, go ahead say his address.	ئا ئا دەی فەرموو عینوانەکەت بڵێ	ئا ئا دەی فەرموو عینوانەکەو بڵێ	ئا ئا دەی فەرموو عینوانەکەت برێ	ئا ئا دەی فەرموو ئادریسەکەی بڵێ	ئا ئا دەی فەرموو ئادرسەکەی بێژە
Man, they have it. I have read in books.	کاکە هەیانە. من لە کتێبدا خوێنوومەتەوە.	کاکە هەیانە. من لە کتێبا خوێنوومەتەوە.	کاکە هەیتیان. ئەمن لە کتابی خیندیتمەوە.	کاکە هەیانە. ئەمن دە کتێبدا خێندوومەتەوە.	کاکە هەسیان. من لە کتێوا خوێندگمەسەو.
Now, brother, why don't you keep your word?	ئێسە کاکەبرا ئێوە بۆ لە سەر قسە ناوەستن؟	ئێسە کاکەبرا ئێوە بۆ لە سەر قسە ناوەستن؟	ئێستا کاکەبرا ئەنگۆ لۆ لەسەر قسەی ڕاناوەستن؟	ئێستا برالە ئەنگۆ بۆ لە سەر قسەی ڕاناوەستن؟	ئیسە کاکەبرا ئێوە بۆچە لە سەر قسە ناوێسن؟
What a lie!	لەو درۆیە!	لەو درۆیە!	لەو درۆیەی!	لەو درۆیە!	لەو درۆە!
Now you don't need a doctor.	ئێستا ئێوە دکتۆرتان ناوێ	ئێسە ئێوە دکتۆرتان ناوێ	ئێستا ئەنگۆ دکتۆرتان ناوێ	ئێستە ئەنگۆ دوکتوروو ناوێ	ئیسە ئێوە دوکتورتان ناگەرەک
Please, say it say it.	تخوا ئادەی بیڵێرەوە بیڵێرەوە	تخوا ئادەی بیڵێرەوە بیڵێرەوە	تخوا دەی برێوە برێوە	توخودا دەی بیڵێڕەوە بیڵێڕەوە	توخوا ئادەی بێژەرەو بێژەرەو
What is he doing? Is he denying? What is he saying?	چی ئەکا؟ ئینکاری ئەکا؟ ئەڵێ چی؟	چی ئەکا؟ ئینکاری ئەکا؟ ئەڵێ چی؟	چ دەکا؟ عینادی دەکا؟ چ دەرێ؟	چ دەکا؟ ئینکاری دەکا؟ دەڵێ چی؟	چە ئەکا؟ ئینکاری ئەکا؟ ئەیژێ چە؟
Do whatever you like there.	لەو ناوەدا چی ئەکەی بیکە	لەو ناوەیا چی ئەکەی بیکە	لەو ناوەی چ دەکەی بکە	دەو نێوەیدا چ دەکەی بیکە	لەو ناوە چە ئەکەی بیکە
He is a philosopher. He is Luqman the wise. He is Plato.	ئەمە فەیلەسۆفە. لوقمانی حەکیمە. ئەمە ئیفلاتوونە.	ئەمە فەیلەسۆفە. لوقمانی حەکیمە. ئەمە ئیفلاتوونە.	ئەوە فەیلەسوفە. لوقمانی حەکیمە. ئەوە ئەفلاتوونە.	ئەمە فیلسۆفە. لوقمانی حەکیمە. ئەمە ئەفلاتوونە.	ئەمە فیلسووفە. لەقمان حەکیمە. ئەمە ئەفلاتوونە.
One of them Qanat road, the other one, Mowlawy road.	دانەیەکیان جادەی قەنات، ئەوەی تریان جادەی مەولەوی	دانەیەکیان جادەی قەنات، ئەوەی تریان جادەی مەولەوی	یەکیان جادەی قەنات، ئەوەی دیش جادەی مەولەوی	یەکێکیان جادەی قەنات، ئەوەی دییان جادەی مەولەوی	دانەیکیان جادەی قەنات، ئەو دانەکەی تریان جادەی مەولەوی
And I'll fill your mouth with mud! Did I say it so badly? 	جا ئەو دەمەتم پڕ کرد لە قوڕ! من ئاوا ناخۆشم وت؟	جا ئەو دەمەتم پڕ کرد لە قوڕ! من ئاوا ناخۆشم وت؟	ئەوجە ئەو دەوەی توم پڕ کرد لە قوڕ! ئەمن ئەوها ناخۆشم گۆت؟	جا ئەو دەمەم پڕ کردی لە قوڕ! ئەمن ئاوا ناخۆش کوتم؟	جا ئەو دەمتمە پڕ کرد لە قوڕ! من ئاوا ناخوەش وتم؟
So that he measures that thingy, that of the pressure.	بەڵکوو ئەو هینەکەی بۆ بگرێ ئەوەی زەختەکە	بەڵکوو ئەو هینەکەی بۆ بگرێ ئەوەی زەختەکە	بەشکوو ئەو شتەی لۆ بگری ئەوەی زەختەکەی	بەڵکەم ئەو وانێکەی بۆ بگرێ ئەوەی فشارەکەی	بەشکەم ئەو هینەکەی بۆ بگرێ هینەکەی فشارەکە
I mean, we couldn't make a war out of it with politics.	یاعنی بە سیاسەت ئەوەمان پێ نەکرا بە حەرب	یاعنی بە سیاسەت ئەوەمان پێ نەکرا بە حەرب	یەعنی بە سیاسەت ئەوەمان پێنەکرا بە حەرب	یانی بە سیاسەت ئەوەمان پێ نەکردرا بە شەڕ	یانێ بە سیاسەت ئەوەمانە پێ نەکریا بە جەنگ
Alright man, but is it worth it?	جا باشە کاکە دنیا ئەوە ئەهێنێ؟	جا باشە کاکە دنیا ئەوە ئەهێنێ؟	ئەوجە باشە کاکە دنیا ئەوەی دەینی؟	جا باشە کاکە دنیا ئەوەی دێنێ؟	جا باشە کاکە دنیا بەوە ئەژیت؟
Yeah, I'm jealous and that's it.	بەڵێ بەغیلم و ئەھ تەواو!	بەڵێ بەغیلم و ئەھ تەواو!	بەرێ حەسودم و ئەھ تەواو!	بەدی بەغیلم و ئەھ تەواو!	بەڵێ بەخێڵم و ئەھ تواو!
In the evening, wait in front of the college of humanities	ئێواران لەبەر کولیەی ئادابدا بوەستێ	ئێواران لەبەر کولیەی ئادابا بوەستێ	هێواران لەپێش کولیەی ئادابی ڕابوەستی	ئێواران لە بەر دانشکەدەی ئەدەبیاتێدا ڕابوەستێ	ئێوارەگەلا لە بەر دانشکەدەی ئەدەبیاتا بێسێ
Please, stop this nonsense. You've become a journalist for me.	تخوا ئەگەر نەیبڕیتەوە ئەم قسە زلانە. لێم بووی بە سەحەفی!	تخوا ئەگەر نەیبڕیتەوە ئەم قسە زلانە. لێم بووی بە سەحەفی!	تخوا ئەگەر نەبڕییەوە ئەو قسە گەورانە. لێم بوویە سەحەفی!	توخودا ئەگەر نەیبڕییەوە ئەو قسە زلانە! لێم بووی بە ڕۆژنامەنووس!	تخوا ئەگەر نەیبڕیتەو ئەم قسە زلگەلە. لێم بووگیتەسە ڕۆزنامەنگار!
Do you know what?! I swear I'll take care of you.	ئەزانی چی؟! بە قورعان خاتریشت ئەگرم	ئەزانی چی؟! بە قورعان خاتریشو ئەگرم	دەزانی چ؟! بە قورعان خاتریشت دەگرم	دەزانی چی؟! بە قورعان خاتریشت دەگرم	ئەزانی چە؟! بە قورعان خاتریشۆ ئەگرم
I swear there are many flaws in your words.	دە وەڵای و بیلای قسەکەی تۆ خەلەلی زۆر تیایە	دە وەڵای و بیلای قسەکەی تۆ خەلەلی زۆر تیایە	دە وەڵاهی و وەبیلاهی قسەی تو خەلەلی زۆر تێدایە	دە وەڵاهی و بیلاهی قسەکەی تۆ ئیرادی زۆر تێدایە	دەی وەڵا و بیلا قسەکەی تۆ ئیرادی فرە تیا هەس
Oh, if that's so, the forefathers were right.	ئای کەواتە پێشینان ڕاستیان کردووە	ئای کەواتە پێشینان ڕاستیان کردووە	ئای مادەم پێشینان ڕاستیان گۆتیە	ئای کەوایە پێشینیان ڕاستیان کردووە	ئای ئەگەر واسە قەدیمییەکان ڕاسیان کردگە
Yeah, I have not come for investigation.	ئا نەشهاتووم بۆ تەفتیش و مەفتیش	ئا نەشهاتووم بۆ تەفتیش و مەفتیش	ئا نەشهاتیمە لۆ تەفتیش و مەفتیشی	ئا نەشهاتووم بۆ تەفتیش و مەفتیش	ئا نەهاتگمیش بۆ تەفتیش و مەفتیش
I said lest something happen.	وتم نەوەکا شتێک بێ	وتم نەوەکا شتێک بێ	گۆتم نەوەک شتەک ببی	کوتم نەوەک شتێک بێ	وتم نەکا چتێک بێ
Hello to you, welcome Mrs. Badri. 	وە عەلەیکی سەلام بە خێر بێی یاخوا بەدری خان	وە عەلەیکی سەلام بە خێر بێی یاخوا بەدری خان	وە عەلەیکە سەلام یاخوا بەخێربێی بەدری خان	وە عەلەیکە سەلام بە خێرەی یاخوا بەدری خانم	وە عەلەیکە سڵام بە خێر بێی یاخوا بەدری خانم
Come, I'm drawing the line of the road and you're shoes are dirty. Come!	وەرە خەتی جادەکە ئەکێشم تۆش پێڵاوەکانت پیسە. وەرە!	وەرە خەتی جادەکە ئەکێشم تۆش پێڵاوەکانت پیسە. وەرە!	وەرە خەتی جادەکەی دەکێشم ئەتوش پێراوەکانت پیسە. وەرە!	وەرە خەتی جادەکەی دەکێشم ئەتۆش پێڵاوەکانت پیسن. وەرە!	وەرە خەتی جادەکە ئەکێشم تویش کەوشەکانت چەپەڵە. بێ!
You bastard, I was not talking to you! Why did you come from there?	هەتیوو لەگەڵ تۆم نەبوو! تۆ بەویا هاتی؟	هەتیوو لەگەڵ تۆم نەبوو! تۆ بەویا هاتی؟	هەتیم لەگەر توم نەبوو! ئەتوو بەوێدا هاتی؟	هەتیو دەگەڵ تۆمدا نەبوو! ئەتۆ بۆ بەوێدا هاتی؟	هەتیم تەک تۆم نەو! تۆ بۆچە بە ئێنەو هاتی؟
Oh, you are also here?	ئەمە تۆش لێرەی	ئەمە تۆش لێرەی	ئەوە ئەتووش لێرەی	ئەوە ئەتۆش لێرەی؟	ئەمە تویش هایتە ئێرە؟
They want the fish to die.	ئەیانەوێ ئەو ماسییە بکوژرێ.	ئەیانەوێ ئەو ماسییە بکوژرێ.	دەیانەوێ ئەو ماسییە بکوژرێ.	دەیانهەوێ ئەو ماسییەی بکوژرێ	گەرەکیانە ئەو ماسییە بکوژگێ.
And how come you don't understand how the situation is?	ئەی چۆن تۆ تێناگەی چۆنە ئەو وەزعە؟	ئەی چۆن تۆ تێناگەی چۆنە ئەو وەزعە؟	ئەدی کوو ئەتوو تێناگەی کوە ئەو وەزعە؟	دە چۆن ئەتۆ تێناگەی چۆنە ئەو وەزعەی؟	ئەی چۆن تۆ تێناگەی چۆنە ئەو وەزعە؟
Alright, goodbye, go.	دە بڕۆ خواحافیزت بێ بڕۆ	دە بڕۆ خواحافیزت بێ بڕۆ	دە بڕۆ خوا حافیزت بی بڕۆ	دە بڕۆ خوداحافیزت بێ بڕۆ	دەی بڕۆ خوا حافزۆ بێ بڕۆ
Substance becomes gas from its liquid state.	ماددە لە دۆخی شلییەوە ببێ بە غازی	ماددە لە دۆخی شلییەوە ببێ بە غازی	ماددە لە دۆخی شلییەوە ببتە غازی	ماددە دە دۆخی مایعەوە ببێ بە گازی	ماددە لە حاڵەت مایعەو بێت بە گاز
I don't like to enter.	حەز ناکەم داخڵ بم	حەز ناکەم داخڵ بم	حەزناکەم داخیل بم	پێم خۆش نێ بچمە ژوورێ	حەز ناکەم بچمە ناو
I know what it is! I know what it is.	ئەزانم چییە! من ئەزانم چییە.	ئەزانم چییە! من ئەزانم چییە.	دەزانم چییە! ئەمن دەزانم چییە.	دەزانم چییە! ئەمن دەزانم چییە.	ئەزانم چەس! من ئەزانم چەس.
What have they done for them?	بۆ ئەوان چییان کردووە؟	بۆ ئەوان چییان کردووە؟	لۆ ئەوان چییان کردییە؟	بۆ ئەوان چییان کردۆ؟	بۆچە ئەوان چەیان کرگە؟
I was going, he was saying that my fat is high. 	ئەچووم ئەیوت تۆ چەورییەکەو بەرزە.	ئەچووم ئەیوت تۆ چەورییەکەو بەرزە.	دەچووم دەیگۆ ئەتوو چەورییت زۆرە	دەچووم دەیکوت ئەتوو چەورییەکەت لە سەرێیە.	ئەچووم ئەیوت تۆ چەورییەکەت ها بانەو.
But why don't you turn it?	ئەی بۆ نایگێڕی؟	ئەی بۆ نایگێڕی؟	ئەدی لۆ ناگێڕی؟	ئەی بۆ نایگێڕی؟	ئەی بۆچە نایگەڕنی؟
Alright, man. Please, there was a ministry in that alley; what happened to it?	باشە کاکە گیان. ئەرێ زەحمە نەبێ وەزارەتێ لەم کۆڵانەدا هەبوو؛ چی لێ هاوو؟	باشە کاکە گیان. ئەرێ زەحمە نەبێ وەزارەتێ لەم کۆڵانەیا هەبوو؛ چی لێ هاوو؟	باشە کاکە گیان. ئەرێ زەحمەت نەبی وەزارەتەک لەو کۆرانەی هەبوو؛ چی لێهات	باشە کاکە گیان. ئەرێ زەحمەت نەبێ وەزارەتێک دەو کۆڵانەیدا هەبوو؛ چی لێ هات؟	باشە کاکە گیان. ئەرێ زەحمەت نەوێ وەزارەتێ لەم کۆڵانا بوو؛ چەی لێ هات؟
Oh my dear, let it go inside so that the doctor prescribes to him. 	ئەھ بە قوربانت بم، با بچێتە ژوورەوە دکتۆر بۆی بنووسێ.	ئەھ بە قوربانت بم، با بچێتە ژوورەوە دکتۆر بۆی بنووسێ.	ئەی بەقوربانت بم، بابچتە ژۆرێ دکتۆر لۆی بنوسی.	ئەھ بە قوربانت بم، با بچێتە ژوورێ دکتۆر بۆی بنووسێ.	ئەھ قەزاو لێم، با بچێتە ناو دکتۆر بنووسێ بۆی.
I mean, why don't you call me by my name?	ئەڵێم ئەوە تۆ بۆ بەناوی خۆمەوە من بانگ ناکەی؟	ئەڵێم ئەوە تۆ بۆ بەناوی خۆمەوە من بانگ ناکەی؟	دەرێم ئەوە ئەتو لۆ بەناوی خۆم بانگم ناکەی؟	دەڵێم ئەوە ئەتۆ بۆ بە نێوی خۆمەوە من بانگ ناکەی؟	ئەیژم ئەوە تۆ بۆچە بە ناو خوەمەو من بانگ ناکەی؟
But how do you know that I am going to mow the lawn?	جا باشە تۆ چووزانی بۆ چیمەن بڕین ئەچم؟	جا باشە تۆ چووزانی بۆ چیمەن بڕین ئەچم؟	ئەوجە باشە ئەتو چووزانی ئەمن لۆ چیمەن بڕینی دەچم	جا باشە ئەتۆ چووزانی بۆ چیمەن بڕین دەچم؟	جا باشە تۆ چووزانی بۆ چەمەن بڕین ئەچم؟
OK you tell me a name so that I call you by that name.	ئەرێ تۆ ناوێکم پێ بڵێ با من بەو ناوە بانگت کەم.	ئەرێ تۆ ناوێکم پێ بڵێ با من بەو ناوە بانگت کەم.	ئەرێ ئەتو ناوەکم پێ برێ با ئەمن بەو ناوەی بانگت کەم.	ئەرێ ئەتۆ نێوێکم پێ بڵێ با ئەمن بەو نێوەی بانگت کەم.	ئەرێ تۆ ناوێکم پێ بێژە با من بەو ناوە قاوت لێ کەم.
But I work with tomato every day.	بەس هەموو ڕۆژێ ئیشم بە تەماتەیە.	بەس هەموو ڕۆژێ ئیشم بە تەماتەیە.	بەس هەموو ڕۆژێ ئیشم بە تەماتەیە.	فەقەت هەموو ڕۆژێکی کارم بە باینجانە.	فەقەت هەرچێ ڕۆژە کارم بە تۆماتێزە.
Anyway, just forget about those things.	ئەی تۆ واز لەو شتانەش بێنە.	ئەی تۆ واز لەو شتانەش بێنە.	ئەدی ئەتو واز لەو شتانەش بینە.	دە ئەتۆ لە کۆڵی ئەو شتانەی بەوە.	ئەی تۆ واز لەو چتگەلە بێرا.
Well, I have an appointment with him. He called me. 	وەڵا مەوعیدم لەگەڵیایە. تەلەفونی بۆ کردم.	وەڵا مەوعیدم لەگەڵیایە. تەلەفونی بۆ کردم.	وەڵا مەوعیدم لەگەری هەیە. تەلەفۆنی لۆ کردم.	وەڵا قەرارم دەگەڵیان هەیە. زەنگی لێ دام.	وەڵا قەرارم لەتەکیانا هەس. زەنگی دا لێم.
Knock it off! Just go away, please.	دە فشەفش! توخوا ئەگەر لانەچی.	دە فشەفش! توخوا ئەگەر لانەچی.	دە فشەفش ! تخوا ئەگەر ئەتو لانەچی.	دە فشەفش! توخودا ئەگەر لانەچی.	دەی فشەفش! توخوا ئەگەر لانەچی.
Please, let these five thousand of yours not be on it. 	تخوا با ئەم پێنج هەزارەی تۆشی لە سەر نەبێ.	تخوا با ئەم پێنج هەزارەی تۆشی لە سەر نەبێ.	تخوا با ئەو پێنج هەزارەی توشی لەسەر نەبی.	تخوا با ئەو پێنج هەزارەی تۆشی لە سەر نەبێ.	تخوا با ئەم پەنج هەزار تویشە لە سەر نەوێ.
Come on! Please, don't rebuke to me and don't let me open my mouth!	دە یەڵا یاڵا! توخوا قسەم پێ مەکە و با دەم نەکەمەوە!	دە یەڵا یاڵا! توخوا قسەم پێ مەکە و با دەم نەکەمەوە!	دە یەڵا یەڵا! تخوا قسەم پێ مەکە با دەوم نەکەمەوە!	دە یەڵا یاڵا! توخوڵا قسەم پێ مەکە و با زاری نەکەمەوە!	دەی یەڵا یاڵا! توخوا قسەم پێ مەکە و با دەم نەکەمەو!
But in whose name, brother?	ئاخر بە ناوی کامتانەوە کاکەبرا؟	ئاخر بە ناوی کامتانەوە کاکەبرا؟	ئاخر بەناوی کیهانتانە کاکەبرا؟	ئاخر بە نێوی کێهەتانەوە برالە؟	ئاخر بە ناو کامتانەو کاکەبرا؟
And you'll smell like oil, just put it down.	و هەموو گیانتان بۆنی نەوتی لێ دێت، دە داینێ.	و هەموو گیانتان بۆنی نەوتی لێ دێت، دە داینێ.	و هەموو گیانتان بۆنی نەفتی لێ دێ، دە دانێ.	و هەموو گیانوو بۆنی نەوتی لێ دێ، دە داینێ.	و گشت گیانتان بۆی نەفتی لێ تێ، دەی داینە.
I wish it was something different every day.	شەڵا هەر ڕۆژەی شتێ بوایە.	شەڵا هەر ڕۆژەی شتێ بوایە.	شەڵا هەر ڕۆژەی شتەک بایە.	شەڵا هەر ڕۆژەی شتێک با.	ئیشەڵڵا هەر ڕۆژێکی چتێ بوای.
These is Kurdish clothing, Kurdish clothing!	ئەمە جلی کوردییە جلی کوردی!	ئەمە جلی کوردییە جلی کوردی!	ئەوە جلکی کوردییە جلکی کوردی!	ئەمە جلی کوردییە جلی کوردی!	ئەمە جل کوردییە جل کوردی!
Go ahead, pull it out to see if it's written or not written.	ئادەی دەری هێنە بزانە لێ نووسراوە یا نەنووسراوە	ئادەی دەری هێنە بزانە لێ نووسراوە یا نەنووسراوە	دە دەری بینە بزانە لێی نووسرایە یان نەنووسرایە	دە دەری هێنە بزانە لێ نووسدراوە یا نەنووسدراوە	ئادەی دەری بێرا بزانە لێ نووسیاگە یا نەنووسیاگە
See, if you're not under this man's umbrella, I'll break you mouth. 	کورە لە ژێر چەتری ئەم پیاوەدا نەبی دەم و فڵقت ئەشکێنم	کورە لە ژێر چەتری ئەم پیاوەیا نەبی دەم و فڵقت ئەشکێنم	کورە لە بن ....... ئەو کابرایەی نەبی دەو و قەپۆزت دەشکێنم	کورە لە ژێر چەتری ئەو پیاوەیدا نەبی دم و فڵقت دەشکێنم	کورە لە ژێر چەتر ئەم پیاگە نەوی دەم و فڵقۆ ئەشکنم
I told you, someone gave me appointment here.	عەرزم کردن زەلامێک مەوعیدی ئێرەی یاومەتێ.	عەرزم کردن زەلامێک مەوعیدی ئێرەی یاومەتێ.	عەرزم کردن زەلامەک مەوعیدی ئێرەی دامێ.	عەرزم کردن کابرایەک قەراری ئێرەی داومەتێ.	عەرزتانم کرد، کاورایک قەرار ئێرەیە داگە پێم.
Oh no, I can't stand it anymore, dear doctor.	کورە ئەی هاوار تەحەمولم نەماوە دکتۆر گیان	کورە ئەی هاوار تەحەمولم نەماوە دکتۆر گیان	کورە ئەی هاوار تەحەمولم نەمایە دکتۆر گیان	کورە ئەی هاوار تەحەمولم نەماوە دکتۆر گیان	کورە ئەی هاوار تەحەموڵم نەماگە دکتۆر گیان
I bring to you but don't move from here right now.	بۆت ئەهێنم بەڵام لێرە نەجووڵێن ئەها هەر ئێستا	بۆت ئەهێنم بەڵام لێرە نەجووڵێن ئەها هەر ئێستا	لۆت دەینم بەس لێرە نەجوولێن ئەها هەر ئێستا	بۆتان دەهێنم بەڵام لێرە نەجووڵێن ئەها هەر ئێستا	تێرم بۆت وەلێ لێرە نەجووڵن ئەها هەر ئیسە
OK but that is whose influence on the other one?	باشە ئەوە تەئسیراتی کامیانە لەسەر کامیان؟	باشە ئەوە تەئسیراتی کامیانە لەسەر کامیان؟	باشە ئەوە تەئسیراتی کیهانە لەسەر کیهان؟	باشە ئەوە تەئسیراتی کێهەیانە لە سەر کێهەیان؟	باشە ئەوە تەئسیرات کامیانە لە سەر کامیان؟
They like it. It's their desire and that's how it is.	حەزی لێ ئەکەن. هیوایەتیانە و ئاوانە.	حەزی لێ ئەکەن. هیوایەتیانە و ئاوانە.	حەزیان لێیە. هیوایەتیانە و ئەوهانە.	پێیان خۆشە. ئارزوویانە و وان.	حەزی لێ ئەکەن. ئارزوویانە و ئاوانە.
Until your acquaintance comes, take advantage of this golden time of yours.	تا ئەو ناسیاوەت دێ ئیستیفادە لەم وەقتە زێڕینەی خۆت بکە!	تا ئەو ناسیاوەت یە ئیستیفادە لەم وەقتە زێڕینەی خۆو بکە!	هەتا ئەو ناسیاوەت دێ ئیستیفادە لەو وەختە زێڕینەی خۆت بکە!	هەتا ئەو ناسراوەت دێ ئیستیفادە لەو وەختە زێڕینەی خۆت بکە!	تا ئەو ناسیاگتە تێ لەم وەختە تەڵایی خوەتە ئستفادە بکە!
I swear I don't have it.	بە چاوی تۆ پێم نییە	بە چاوی تۆ پێم نییە	بە چاوی تو پێم نییە	بە چاوی تۆ پێم نییە	بە چاو تۆ پێم نییە
Come on, now don't get mad!	دە توخوا وەرە شێت مەبە!	دە توخوا وەرە شێت مەبە!	دە تخوا وەرە شێت مەبە!	دە تخودا وەرە شێت مەبە!	دەی تخوا بێ شێت مەوە!
Well, this damn mobile phone has made my life hell.	وەڵاهی ئا ئەم مۆبایلە نەعلەتییە نییە ژیانی لێ کردووم بە جەهەنەم	وەڵاهی ئا ئەم مۆبایلە نەعلەتییە نییە ژیانی لێ کردووم بە جەهەنەم	وەڵاهی ئا ئەو مۆبایلە نەعلەتییە نییە ژیانێ لێ کردیمە بە جەهەننەم	وەڵاهی ئا ئەو مۆبایلە نەعلەتییەی نە ژیانی لێ کردووم بە جەهەنەم	وەڵا ئا ئەم مۆبایلە نەعلەتییە زندگیمی لێ کردگە بە جەهەنەم
But I need electricity for what?	ئاخر من کارەبام بۆ چییە؟	ئاخر من کارەبام بۆ چییە؟	ئاخر ئەمن کارەبام لۆ چییە؟	ئاخر ئەمن برقم بۆ چییە؟	ئاخر من بەرقم بۆ چەس؟
Come on, remove it, dear. Let it be on us, money doesn't matter?!	کورە دە لایبە، بێ قەزا بی. با عایدی خۆمان بێ، پارە کەی شتە؟!	کورە دە لایبە، بێ قەزا بی. با عایدی خۆمان بێ، پارە کەی شتە؟!	کورە دە لابە، مارت ئاوا بی. با عایدی مە بی، پارە کەنگی شتە؟!	کوڕە دە لایبە، ماڵتا. با میوانی خۆمان بێ، پووڵ کەنگێ شتە؟!	کورە دەی لایوە، ماڵتاوا. با مێمان خوەمان بێ، پووڵ کەی چتە؟!
No no, there is better than this.	نا نا لەمیش چاکتر هەیە	نا نا لەمیش چاکتر هەیە	نا نا لەویش چاکتر هەیە	نا نا لەوەش چاتر هەیە	نا نا لەمەیشە خاستر هەس
Nothing of it is like that of mine, man	هیچی وەکوو ئەوەی من نییە کاکە	هیچی وەکوو ئەوەی من نییە کاکە	هیچی وەچی ئەوەی من نییە کاکە	هیچی وەکوو ئەوی من نێ کاکە	هیچێکی وەک هینەکەی من نییە کاکە
But it's not one lock but ten locks. Why don't you hire a guardian? 	ئاخر یەک قفڵ نییە دە قفڵە. بۆ فەڕاشێ ناگرن؟!	ئاخر یەک قفڵ نییە دە قفڵە. بۆ فەڕاشێ ناگرن؟!	ئاخر یەک قفڵ نییە، دە قفڵە، لۆ فەڕاشی ناگرن؟!	ئاخە یەک قوفڵ نێ دە قوفڵە. بۆ فەڕاشێکی ناگرن؟!	ئاخر یەک قوفڵ نییە دە قوفڵە. بۆچە فەڕاشێ ناگرن؟!
No, he is also whining.	نە بابە ئەمیش ئەکڕووزێتەوە.	نە بابە ئەمیش ئەکڕووزێتەوە.	نا بابە ئەویش دەنووزێتەوە.	نە بابە ئەمەش دەکڕووزێتەوە.	نە باوا ئەمەیشە ئەکڕووزێتەو.
I'll give it to you anyway but write it in the notebook.	هەر ئەودەمێ بەڵام بینووسە لە دەفتەرەکەدا.	هەر ئەودەمێ بەڵام بینووسە لە دەفتەرەکەیا.	هەردەتدەمێ بەس بنووسە لە دەفتەرەکەی.	خۆ هەر دەتدەمێ بەڵام بینووسە دە دەفتەرەکەیدا.	خۆ هەر پێتی ئام وەلێ بینووسە لە دەفتەرەکا.
They send it, well done.	ناردیان ئای دەست خۆش	ناردیان ئای دەس خۆش	ناردیان ئەی دەست خۆش 	ناردیان ئای دەست خۆش	ناردیان ئای دەس خۆش
Sure, but why don't you bring canned meat? Canned meat is very delicious.	ئەی باشە بۆ گۆشتی قوتوو ناهێنی؟ زۆر خۆشە گۆشتی قوتوو.	ئەی باشە بۆ گۆشتی قوتوو ناهێنی؟ زۆر خۆشە گۆشتی قوتوو.	ئەدی باشە لۆ گۆشتی قۆدی ناینی؟ زۆر خۆشە گۆشتی قۆدی.	دە باشە بۆ گۆشتی قوتووی ناهێنی؟ زۆر خۆشە گۆشتی قوتوو.	ئەی باشە بۆ چە گۆشت قوتوو نایری؟ فرە خوەشە گۆشت قوتوو.
No, no, you know what?! It's not about praising and licking boots.	نا نا ئەزانی چی وەڵاهی مەسەلە پێدا هەڵان و ماستاو کردن نییە	نا نا ئەزانی چی وەڵاهی مەسەلە پیا هەڵان و ماستاو کردن نییە	نا نا دەزانی چ وەڵاهی مەسەلە پێهەردان و ماستاو کردن نییە	نا نا دەزانی چی، وەڵاهی مەسەلە پێدا هەڵدان و	نا نا ئەزانی چەس وەڵا مەسەلە هەڵکێشان و با کردنەو قول نییە
Oh my god, no way!	وەی وەی براڕۆ	وەی وەی براڕۆ	وەی وەی براڕۆ	وەی وەی براڕۆ	وەی وەی براڕۆ
OK you come. You said you need the municipality for what?	ئێ تۆ وەرە. وتت شارەوانیتان بۆ چییە؟	ئێ تۆ وەرە. وتت شارەوانیتان بۆ چییە؟	ئە ئەتو وەرە. گۆتت شارەوانیتان لۆ چییە؟	بەدی ئەتۆ وەرە. کوتت شارەداریتان بۆ چییە؟	باشە تۆ بێ. وتت شارەداریتان بۆ چەس؟
Perhaps he has slept again during the work	ناشێ دیسانەوە لە کاتی ئیشدا خەوتبێتەوە	ناشێ دیسانەوە لە کاتی ئیشا خەوتبێتەوە	نابێ دیسانەوە لەکاتی ئیشێ نوستبیتەوە	نابێ دیسانەوە لە کاتی کاردا نووستبێتییەوە	ناشێ هەمیسان لە وەخت کارا خەفتویتەو
None of it is ours.	هیچی ئی خۆمان نییە	هیچی ئی خۆمان نییە	هیچی ئی خۆمان نییە	هیچی ئی خۆمان نێ	هیچێکی هین خوەمان نییە
I swear I don't want it.	دە وەڵا نامەوێ	دە وەڵا نامەوێ	دە وەڵای نامەوێ	دە وەڵا نامهەوێ	دەی وەڵڵا نامگەرەک
Yes, he did it on purpose.	ئەر وەڵا بە دەستی ئەنقەز کردی	ئەر وەڵا بە دەستی ئەنقەز کردی	ئەرێ وەڵا بە قەستی کردی	ئەرێ وەڵڵا بە قەسدی کردی	ئەر وەڵا بە دەس ئەنقەز کردی
Daddy! Tell him.	باوکم! پێی بڵێ	باوکم! پێی بڵێ	بابم! پێی برێ	بابم! پێی بڵێی	باوکم! پێ بێژە
Sure but it's curious that there is strange information about you in here.	ئاوا بەڵام سەیرە مەعلووماتی زۆر عەجایبی لە سەر تۆ تیایە	ئاوا بەڵام سەیرە مەعلووماتی زۆر عەجایبی لە سەر تۆ تیایە	ئەوها بەس عەنتیکەیە مەعلووماتی زۆر عەجایبی لەسەر تو تێدایە	ئاوا بەڵام سەیرە مەعلووماتی زۆر عەجایبی لە سەر تۆ تیایە	ئاوا وەلێ سەیرە مەعلوومات فرە عەجایبی لە سەر تۆ تیا هەس
No, it turned out for us by coincidence	نا هەر بە سوتفە بۆ ئێمە دەرچوو	نا هەر بە سوتفە بۆ ئێمە دەرچوو	نا هەر بە سوتفە لۆمە دەرچوو	نە هەر بە شانسی بۆ مە دەرچوو	نە هەر بە شانسی بۆ ئێمە دەرچوو
Then go and tell the ministry of agriculture	دە بڕۆ بە دائیرەی زراعە بڵێ	دە بڕۆ بە دائیرەی زراعە بڵێ	دە بڕۆ بە دائیرەی زراعەی برێ	دە بڕۆ بە ئیدارەی کشاوەرزی بڵێ	دەی بچۆ بە ئدارەی کشاوەرزی بێژە
That the owner of the property fix that thingy.	ساحێب موڵکەکە چاکی کا ئەو هینە.	ساحێب موڵکەکە چاکی کا ئەو هینە.	ساحێب مرکەکە چاکی کا ئەو شتەی.	ساحیب موڵکەکە چاکی کا ئەو وانێکەی.	ساحێو موڵکەکە خاسی کا ئەو هینە.
Shut up! People are here. The doctor just came too.	وس هەتیو! خەڵک دانیشتووە. ئەوە دکتۆریش هات.	وس هەتیو! خەڵک دانیشتووە. ئەوە دکتۆریش هات.	وس هەتیم! خەرک دانیشتییە. ئەوە دکتۆریش هات.	وس هەتیو! خەڵک دانیشتووە. ئەوە دکتۆریش هات.	س هەتیم! خەڵک دانیشگە. ئەوە دکتوریش هات.
What don't you find?	چی نادۆزێتەوە؟	چی نادۆزێتەوە؟	چ نابینیتەوە؟	چ نابینێتەوە؟	چە نادۆزێتەو؟
On the other hand, they were saying that your blood sugar has dropped. 	لە لایەکی تر ئەیانوت شەکرەکەت دابەزیوە	لە لایەکی تر ئەیانوت شەکرەکەو دابەزیوە	لەلایەکی دیکە دەیانگۆت سوکەریت دابەزییە	لە لایەکی دی دەیانکوت قەندەکەت دابەزیوە	لە لایک تر ئەیانوت قەنەکەو هاتگە خوارەو
You and I have a talk later.	من و تۆش دوو قسە بکەین دوایی	من و تۆش دوو قسە بکەین دوایی	ئەمن و ئەتوش دوو قسەی بکەین دوایێ.	ئەمن و تۆش دوو قسەی بکەین دوایی	من و تویش دوو قسە بکەین دوایی
Oh! That is the thingy. I know, that is high cholesterol. 	ئۆ! ئەوە هینە. من ئەزانم، ئەوە کۆلستڕۆل بەرزە.	ئۆ! ئەوە هینە. من ئەزانم، ئەوە کۆلستڕۆل بەرزە.	ئۆ! ئەوە ئەو شتەیە. ئەمن دەزانم، ئەوە کۆلستڕۆلی برندە.	ئۆ! ئەوە وانێکە. ئەمن دەزانم، ئەوە کۆلستڕۆل بەرزە.	ئا! ئەوە هینە. من ئەزانم، ئەوە کۆڵستڕۆڵ ها بانەو.
Definitely, he won't forget.	تەبعەن بیری ناچێتەوە.	تەبعەن بیری ناچێتەوە.	تەبعەن لە بیری ناچتەوە.	حەتمەن بیری ناچێتەوە.	حەتمەن لە بیری ناچێتەو.
Honestly, that makes sense. 	دە وەڵا قسەکە مەنتیقی تێدایە	دە وەڵا قسەکە مەنتیقی تیایە	دە وەڵا قسەکە مەنتیقی تێدایە.	دە وەڵا قسەکە مەنتیقی تێدایە.	دەی وەڵا قسەکە مەنتقی تیا هەس.
He is persistent; such a persistent; no one has been created like himself.	ئینکارێکە؛ یەک ئینکارە؛ شتی وەکوو خۆی هەر دروست نەبووە.	ئینکارێکە؛ یەک ئینکارە؛ شتی وەکوو خۆی هەر دروست نەبووە.	عینادەکە؛ یەک عینادە؛ شتی وەچی خۆی هەر دروست نەبووە.	حاشاکەرێکە؛ یەک حاشاکەرە؛ شتی وەکوو خۆی هەر درووست نەبووە.	ئینکارێکە؛ یەک ئینکارە؛ چت وەک خوەی هەر درووس نەوگە.
Dear sir, alright, which one do you want?	کاکە گیان باشە کامەیانت دەوێ؟	کاکە گیان باشە کامەیانت دەوێ؟	کاکە گیان باشە کێهانیانت دەوێ؟	کاکە گیان باشە کێهەیانت دەوێ؟	کاکە گیان باشە کامیانۆ گەرەک؟
Come on, close it, just close it.	کوڕە دە دایخەرەوە کاکە دایخەرەوە	کوڕە دە دایخەرەوە کاکە دایخەرەوە	کورە قەپاتی کە کاکە قەپاتی کە	کوڕە دە دایخەوە کاکە دایخەوە	کورە دە دایخەرەو کاکە دایخەرەو
Our problem?! Let me explain it.	موشکیلەکەمان؟! با من عەرزی کەم.	موشکیلەکەمان؟! با من عەرزی کەم.	مشکیلەکەمان؟! با ئەمن عەرزی کەم.	موشکیلەکەمان؟! با ئەمن عەرزی کەم.	موشکڵەکەمان؟! با من عەرزی کەم.
I mean, why are you so cruel, Ms. Rahma?	ئەرێ تۆ بۆ ئەوەنە بێویژدانی، ڕەحمە خان؟	ئەرێ تۆ بۆ ئەوەنە بێویژدانی، ڕەحمە خان؟	ئەرێ ئەتوو لۆ ئەوەندە بێ ویژدانی، ڕەحمە خان؟	ئەدی ئەتوو بۆ ئەوەندە بێویژدانی، ڕەحمە خانم؟	ئەرێ تۆ بۆ ئەونە بێویژدانی، ڕەحمە خانم؟
The road is not being trafficked by car or anything right now.	جادەکە خۆ ئێستا سەیارە و شتی پێدا ناڕوا.	جادەکە خۆ ئێستا سەیارە و شتی پیا ناڕوا.	جادەکە خۆ ئێستا سەیارە و شتی پێدا ناڕوا.	جادەکە خۆ ئێستا ماشێن و شتی پێدا ناڕوا.	جادەکە خۆ ئیسە ماشین و چت ناچێ پیا.
Whom, you dear sir, have thought of us?	بۆ تۆ خاڵە گیان ئێمە بە کێ تێگەیشتووی؟	بۆ تۆ خاڵە گیان ئێمە بە کێ تێگەیشتووی؟	لۆ خارە ئەتوو ئەمە بە کێ تێگەیشتی؟	بۆ ئەتۆ خاڵە گیان ئەمە بە کێ تێگەیشتووی؟	بۆچە تۆ خاڵۆ گیان وازانی ئێمە کین؟
Sir, in this country, everyone is doing his job.	کاکە لەم وڵاتە هەریەکە ئیشی خۆی ئەکا.	کاکە لەم وڵاتە هەریەکە ئیشی خۆی ئەکا.	کاکە لەو وڵآتەی هەر کەسەو ئیشی خۆی دەکا.	کاکە لەم وڵاتەی هەرکەسە کاری خۆی دەکا.	کاکە لەم وڵاتە هەرکەسەو کار خوەی ئەکا.
Do you see it? See how people are wise and tasteful.	چاوت لێیە؟ ئەها خەڵک چەن ئاقڵ و چەن بە سەلیقەیە.	چاوت لێیە؟ ئەها خەڵک چەن ئاقڵ و چەن بە سەلیقەیە.	ئاگات لێیە؟ ئەها خەرک چەند ئاقر و زۆرزانە	چاوت لێیە؟ ئەها خەڵک چەند ئاقڵ و چەند بە سەلیقەیە.	چاوت ها پێیەو؟ ئەها خەڵک چەنێ ئاقڵ و چەنێ بە سەلێقەس.
Do you see it? See how people are wise and tasteful.	چاوت لێیە؟ ئەها خەڵک چەن ئاقڵ و چەن بە سەلیقەیە.	چاوت لێیە؟ ئەها خەڵک چەن ئاقڵ و چەن بە سەلیقەیە.	ئاگات لێیە؟ ئەها خەرک چەند ئاقر و زندییە	چاوت لێیە؟ ئەها خەڵک چەند ئاقڵ و چەند بە سەلیقەیە.	چاوت ها پێیەو؟ ئەها خەڵک چەنێ ئاقڵ و چەنێ بە سەلێقەس.
Who does say?	کێ ئەڵێ؟	کێ ئەڵێ؟	کێ دەرێ؟	کێ دەڵێ؟	کی ئەیژێ؟
May your table always be prosperous and open	ئەی خوا بکا هەمیشە سفرەت ئاوەدان و ئاوەڵا بێ	ئەی خوا بکا هەمیشە سفرەت ئاوەدان و ئاوەڵا بێ	ئەی یاخوا سفرەت هەر ئاوەدان بی	ئەی یاخوڵا هەمیشە سفرەت ئاوەدان و ئاوەڵا بێ	حەی خوا بکا هەمیشە سفرەو ئاوا و بەرقەرار بێ
I don't marry.	من ژن ناهێنم	من ژن ناهێنم	ئەمن ژنی ناینم	ئەمن ژن ناهێنم	من ژن ناخوازم
OK wait, Jalal and I will talk to him ourselves.	ئێ بۆستە من و جەلال خۆمان قسەی لەگەڵدا ئەکەین	ئێ بۆستە من و جەلال خۆمان قسەی لەگەڵا ئەکەین	ئێ ڕاوەستە ئەمن و جەلال بەخۆمان قسەی لەگەر دەکەین	ئێ ڕاوەستە ئەمن و جەلال بۆخۆمان قسەی دەگەڵدا دەکەین	ئێ بێسە من و جەلال خوەمان تەکیا قسە ئەکەین
And I am so miserable.	جا من ئەمەندە بەدبەختم	جا من ئەمەنە بەدبەختم	ئەوجە ئەمن ئەوەندە بەدبەختم	جا ئەمن ئەوندە بەدبەختم	جا من ئەونە بەوبەختم
Well, you have turned my house into a mess, Jamshid. 	کورە تۆ ماڵەکەی منیشت کردووەتە ئاژاولە جەمشێر	کورە تۆ ماڵەکەی منیشت کردووەتە ئاژاولە جەمشێر	کوڕە ئەتوو مارەکەی منیشت کردیتە ئاژاولە جەمشێر	کوڕە ئەتۆ ماڵەکەی منیشت کردۆتە ئاژاولە جەمشێر	کورە تۆ ماڵەکەی منیشۆ کردیەسە ئاژاوە جەمشێر
My kidney is aching, this one is for my kidney, the other one for your kidney.	ورچیلەم ئەیشێ، ئەمە بۆ ورچیلەی خۆم، ئەمیش بۆ ورچیلەی ئێوە	ورچیلەم ئەیشێ، ئەمە بۆ ورچیلەی خۆم، ئەمیش بۆ ورچیلەی ئێوە	کلیەم دێشی، ئەوە لۆ کلیەی خۆم، ئەوەش لۆ کلیەی نگۆ	کولیەم دەیشێ، ئەوە بۆ کولیەی خۆم، ئەوەیشی بۆ کولیەی نگۆ	کولیەم ئەیشێ، ئامە بۆ کولیەی خوەم، ئەمیش بۆ کولیەی ئێوە
Why did you come down?	ئێوە بۆ هاتنە خوارەوە؟	ئێوە بۆ هاتنە خوارەوە؟	ئەنگۆ لۆ هاتنە خوارێ؟	ئەنگۆ بۆ تەشریفوو هێنا خوارێ؟	ئێوە بۆچە تەشریفتان هاوردە خوارەو؟
Bravo, you don't have an accent.	ئافەرین بێ لەهجەی	ئافەرین بێ لەهجەی	ئافەرین بێ لەهجەی	ئافەرین بێ لەهجەی	ئافەرین بدوونە لەهجەی
Just wait, don't rush me.	دە بوەستە، پەلەم لێ مەکە	دە بوەستە، پەلەم لێ مەکە	ڕاوەستە ڕا، عەجەلەم لێ مەکە	ڕاوەستە ڕا، پەلەم لێ مەکە	بوێسە دەی، هەوڵم مەکە
Bring your house's deed after me.	قەباڵەی ماڵەکەی خۆت بێنە بە شوێنمدا	قەباڵەی ماڵەکەی خۆت بێنە بە شوێنما	قەبارەی مارەکەی خۆت بینە بە دوومدا	سەنەدی ماڵەکەی خۆت بێنە بە دوومدا	سەنەد ماڵەکەی خوەت بێرا شوێنما
It looks like you have reconciled.	وا دیارە ئاشت بوونەتەوە	وا دیارە ئاشت بوونەتەوە	پێ دەچی پێکهاتبنەوە	وێ دەچێ واشت بووبێتنەوە	وەکچتێ ئاشتیان بووەسەو
It was better back then, you were a bit resilient.	جاران باش بوویت، تۆزێ خۆڕاگر بوویت	جاران باش بوویت، تۆزێ خۆڕاگر بوویت	پێشتر باش بوی هەندەک خۆ ڕاگرتر بووی	جاران باش بووی، نیسکێک دەرووندار بوویت	جاران خاس بوویت، چکێ دەرووندار بوویت
I am exhausted.	لە شان و کۆڵ کەوتم	لە شان و کۆڵ کەوتم	تاقەتم نەما	داهێزام	لە شان و کۆڵ کەفتم
It's good for your bad breath, eat it.	بۆ بۆنی دەمت باشە، بیخۆ	بۆ بۆنی دەمت باشە، بیخۆ	لۆ بۆنی دەوت باشە، بیخۆ	بۆ بۆنی زارت باشە، بیخۆ	بۆ تام دەمو خاسە، بیخوە
But you have to leave from here.	بەڵام ئەبێ لێرە بڕۆی	بەڵام ئەبێ لێرە بڕۆی	بەس دەبی لێرە بڕۆی	وەلی دەبێ لێرە بڕۆی	وەلێ ئەشێ ئا لێرەو بڕی
Mr. director suggested to give me one of the main roles. 	کاکی موخریج پێشنیاری داوە یەکێ لە دەورە سەرەکییەکانم بداتێ	کاکی موخریج پێشنیاری داوە یەکێ لە دەورە سەرەکییەکانم باتێ	کاکی موخریج بڕیاری دایە یەکەک لە دەورە سەرەکیەکانم بداتێ 	ئاغەی کارگەردان پێشنەهادی داوە یەکێ لە نەقشە ئەسڵییەکانم داتێ	ئاغەی کارگەردان پێشنەهادی داگە دانێ لە نەقشە ئەسڵیەکانی با پێم
I recognize my son's smell.	من بۆنی کوڕی خۆم ئەناسم	من بۆنی کوڕی خۆم ئەناسم	ئەمن بۆنی کوڕی خۆم دەناسمەوە	ئەمن بۆنی کوڕی خۆم دەناسم	من بوی کوڕ خۆم ئەشناسم
He bothered you well.	باش عەزیەتی داون	باش عەزیەتی داون	باش عەزیەتی داینە	باش موزاحیموو بووە	خاس موزاحمتان بووە
Come in.	فەرموون	فەرموون	فەرموون	فەرموون	فەرموون
He is like a calf.	وەک گوێرەکەیە	وەک گوێرەکەیە	وەکی گۆلکیە	وەک گۆلکە	وەسە گوێرەکە
OK dear Nasrin, thanks.	باشە نەسرین گیان، دەست خۆش بێ	باشە نەسرین گیان، دەسو خۆش بێ	باشە نەسرین گیان، دەستت خۆش بی	باشە نەسرین گیان، دەستت خۆش بێ	باشە نەسرین گیان، دەسۆ خوەش بێ
Watch his tongue! It looks like bread.	سەیر زمانی ئەو! ئەڵێی نانە	سەیر زمانی ئەو! ئەڵێی نانە	تەمەشای زمانی! دەرێی نانە	چاو زمانی وی! دەڵێی نانە	ورد زوان ئەوە! ئەیژی نانە
Once twice thrice! Only you forget.	جارێک دوان سێیان! هەر تۆ لە بیر ئەکەیتەوە	جارێک دوان سێیان! هەر تۆ لە بیر ئەکەیتەوە	جارەک دوو جار سێ جار! ئەتو هەر لە بیرت دەچیتەوە	جارێکی دوو جار سێ جار! هەر ئەتۆ بیرت دەچێتەوە	ڕایک دوان سێیان! هەر تۆ لە بیرت ئەچێتەو
He is laughing with me.	خەریکە پێ ئەکەنێ لەگەڵمدا	خەریکە پێ ئەکەنێ لەگەڵما	خەریکە پێدەکەنی لەگەرم	خەریکە پێ دەکەنێ دەگەڵمدا	خەریکە ئەکەنێ تەکما
You are worse than him.	تۆش لە ئەو خراپتریت	تۆش لە ئەو خراپتریت	ئەتووش لەو خراتری	ئەتۆش لە وی خراپتری	تویش لەو خراوتریت
You cannot even walk! Get off.	تۆ هەر ناتوانی بچی بە ڕێدا! دابەزە	تۆ هەر ناتوانی بچی بە ڕێیا! دابەزە	ئەتوو هەر ناتانی بە ڕێیێ دا بڕۆی! دابەزە	ئەتۆ هەر ناتوانی بڕۆی بە ڕێدا! دابەزە	تۆ هەر ناتانی بچیتە ڕێیا! داخۆزە
Which one, sir?	کامە کاکە؟	کامە کاکە؟	کێهانیان کاکە؟	کێهە کاکە؟	کامە کاکە؟
A car came.	سەیارەیک هات	سەیارەیک هات	سەیارەک هات	ماشێنێک هات	ماشینێک هات
Thanks, welcome.	ماڵت ئاوا، بە خێر بی	ماڵت ئاوا، بە خێر بی	مارت ئاوەدان، خێردارە	ماڵت ئاوەدان، بە خێر بی	خانەت ئاوا، بە خەیر بی
What are these noise and scream and shriek all about?	ئەمە چییە زرم و زام و هەرا و قوولەقوول و فیڕەفیر؟!	ئەمە چییە زرم و زام و هەرا و قوولەقوول و فیڕەفیر؟!	ئەوە چییە جیقەجیق و هەرا و قوولەقوول و فیڕەفیڕ؟!	ئەوە چێ جیقەجیق و هەرا و قوولەقوول و فیڕەفیڕ؟!	چەس ئەمە زرم و زام و هەرا و قوولەقوول و فیڕەفیڕ؟!
Mom! What about the flower basket? Did you forget those?	دایە! ئەی سەوەتەی گوڵەکە؟ ئەوانەت لە بیر چوو؟	دایە! ئەی سەوەتەی گوڵەکە؟ ئەوانەت لە بیر چوو؟	دایە! ئەی سەلەی گوڵەکە؟ ئەوانەت لە فکر چوو؟	دایە! ئەدی سەوەتەی گوڵەکەی؟ ئەوانتە لە بیر چوون؟	دایە! ئەی سەبەد گوڵەکە؟ ئەوانتە لە بیر چوو؟
I have something to do, give it to me.	ئیشم ئەوەیە، بمدەرێ	ئیشم ئەوەیە، بمەرێ	ئیشم ئەوەیە، بمدێ	کارم ئەوەیە، بمدەیە	کارم ئەوەسە، بیە من
Don't laugh.	پێ مەکەنە	پێ مەکەنە	پێ مەکەنە	پێ مەکەنە	مەکەنە
Slowly, dear lady, slowly	ئارام دادە گیان، ئارام	ئارام دادە گیان، ئارام	سەبر دادە گیان، سەبر	ئارام دادە گیان، ئارام	ئارام دادە گیان، ئارام
Well, you don't nominate yourself?	باشە، ئێوە خۆتان کاندید ناکەن؟	باشە، ئێوە خۆتان کاندید ناکەن؟	باشە، ئەنگۆ خۆتان کاندید ناکەن؟	باشە، ئەنگۆ خۆتان کاندید ناکەن؟	باشە، ئێوە خوەتان کاندید ناکەن؟
What is bracelet, Kle?	بازنە چییە، کڵێ؟	بازنە چییە، کڵێ؟	بازنە چییە، کڵێ؟	بازنە چییە، کڵێ؟	خرخاڵ چەس، کڵێ؟
But they are guests, what can I do to them?	دەی میوانن، دەی چییان پێ بکەم؟	دەی میوانن، دەی چییان پێ بکەم؟	دە میوانن، دە چییان لێ بکەم؟	دە میوانن، دە چییان لێ بکەم؟	دەی مێوانن، دەی چەیان پێ کەم؟
Mother Mina said she has some work and would come back now.	دایە مینا وتی بڕێک ئیشم هەیە، ئێستە دێتەوە	دایە مینا وتی بڕێک ئیشم هەیە، ئێستە دێتەوە	دایە مینا گۆتی هەندەک ئیشم هەیە، ئیستا دێتەوە	دایە مینا کوتی نیسکێ کارم هەیە، ئێستە دێتەوە	دایە مینا وتی چکێ کارم هەس، ئیسە تێتەو
It's fine, eat your Dolma.	قەی ناکا دۆڵمەکەت بخۆ	قەی ناکا دۆڵمەکەت بخۆ	قەیدی ناکا دۆڵمەکەت بخۆ	قەیدێ ناکا دۆڵمەکەت بخۆ	قەی ناکا دۆڵمەکەت بخوە
Nothing much is left.	شتێکی نەماوە	شتێکی نەماوە	شتەکی نەمایە	شتێکی نەماوە	چتێکی نەماگە
But when is Nowruz?	بۆ نەورۆز کەیە؟	بۆ نەورۆز کەیە؟	لۆ نەورۆز کەنگینێیە؟	بۆ نەورۆز کەنگێیە؟	دەی نەورۆز کەیە بۆچە
It's a pity, it doesn't matter.	عەیبە، قەی ناکا	عەیبە، قەی ناکا	عەیبە، قەیدی ناکا	عەیبە، قەیدێ ناکا	شوورەییە، قەی ناکا
Just forget about it dear mother, come.	دە لێی گەڕێ دایە گیان، وەرە	دە لێی گەڕێ دایە گیان، وەرە	دە لێی گەڕێ دایە گیان، وەرە	دە لێی گەڕێ دایە گیان، وەرە	دەی وێڵی کە دایە گیان بێرەو
In the elevator, I feel dizzy. 	لە ناو مەسعەددا بەرچاوم سووڕ ئەخواتەوە	لە ناو مەسعەدا بەرچاوم سووڕ ئەخواتەوە	لە ناو مەسعەدی سەرم دەسووڕێ	لە نێو ئاسانسۆڕدا بەرچاوم سووڕ دەخواتەوە	لە ناو ئاسانسۆرا بەرچاوم سووڕ ئەخوا
You choose it yourself.	خۆت هەڵیبڕێژە	خۆت هەڵیبڕێژە	خۆت هەڵیبڕێژە	خۆت هەڵیبژێرە	خوەت ئێنتخابی کە
Don't mention it.	شایانی نییە	شایانی نییە	شایانی نییە	شتێکی ناقابلە	چت ناقابلێکە
My wife, please, how did you hand that raisin to him?	ژنەکە بە ساقەت بم ئا ئەم مێوژتە چۆن پێ گەیاند	ژنەکە بە ساقەو بم ئا ئەم مێوژتە چۆن پێ گەیاند	ژنەکە بە قوربانت بم ئەو کشمیشەت کوو گەیاندێ	ژنەکە بە قوربانت بم ئەو کیشمیشەت چۆن گەیاندێ	ژنەکە ساقەی سەرۆ ئام کشمیشتە چۆن گەیان پێ
That I get into the business.	پێم بچێتە ناو ئیشەکە	پێم بچێتە ناو ئیشەکە	پێم بچیتە ناو ئیشەکە	پێم بچێتە نێو ئیشەکە	پام بچێتە ناو کارەکە
Go away, I cannot stand it anymore.	لاچۆ ئیتر تاقەتم نەما	لاچۆ ئیتر تاقەتم نەما	دە لاکەوە چیدی تاقەتم نەما	دە لا ئیدی حەوسەلەم نێ	لاوە ئیتر حەوسەڵەم نەما
Come on, just sleep.	دە بخەوە دەی	دە بخەوە دەی	دە بنوو دەی	دە بنوو ب	دەی خەفە دەی
Done, wait I am leaving.	تەواو، بۆستە ئەوە ئەڕۆم	تەواو، بۆستە ئەوە ئەڕۆم	باشە، ڕاوەستە وا دەڕۆم	باشە، ڕاوەستە ئەوە دەڕۆم	باشە، بێسە ئاوە ئەچم
I don't dare coming to the other room.	ناوێرم بێمە ئەو دیو	ناوێرم بێمە ئەو دیو	ناوێرم بێمە ئەو دیوی	ناوێرم بێمە ئەو دیوی	ناوێرم بێمە ئەم دێو
They went for street fighting, they are beaten a lot and came back.	چوون بۆ شەڕی گەڕەک، تێروپڕیان لێ داون و هاتوونەتەوە	چوون بۆ شەڕی گەڕەک، تێروپڕیان لێ داون و هاتوونەتەوە	چووینە شەڕی گەڕەکێ، تێروپڕیان لێداینە و هاتینەوە	چوون بۆ شەڕی گەڕەک، تێروپڕیان لێ داون و هاتوونەتەوە	چووگن بۆ مەحەلەشەڕێ، تێرۆپڕیان داگە لێیان و هاتگنەسەو
It's fine, my dear, give a kiss to your dad.	قەی ناکا نازارەکەم، ماچێک بدە بە کاکەت	قەی ناکا نازارەکەم، ماچێک بە بە کاکەو	قەیدێ ناکا نازدارەکەم، ماچەکی بدە کاکەت	قەیدێ ناکا نازدارەکەم، ماچێک دەیە بە کاکەت	قەی نا نازارەکەم ماچێ بە کاکەو
Dear sir, may god heal you.	کاکە گیان خوا شیفات بدا	کاکە گیان خوا شیفاو با	کاکە گیان خوا شیفات دا	کاکە گیان خودا شەفات داتێ	کاکە گیان خوا شفاو با
yes indeed	بە سەر چاو	بە سەر چاو	بە سەر چاو	بە سەر چاو	بان چاو
Well, here it is, bring the tape and give it to me	کورە ها بێنە بمدەرێ شریتەکە	کورە ها بێنە بمەرێ شریتەکە	کورە ها بینە بمدێ شریتەکەی	کورە ها بێنە بمدەیە نەوارەکەی	کورە ها بێرا بیە پێم نەوارەکە
It's not like the way that you were thinking	ئەو شێوەیە کە تۆ بیرت ئەکردەوە واش نییە	ئەو شێوەیە کە تۆ بیرت ئەکردەوە واش نییە	ئەو نەوعەی کە ئەتوو فکرت دەکردەوە وەهاش نیە	ئەو جوورەی کە تۆ بیرت دەکردەوە واش نییە	ئەو جۆرە کە تۆ بیرت ئەکردەو وایشە نییە
Speak together	پێکەوە قسە بکەن	پێکەوە قسە بکەن	پێکەوە قسان بکەن	پێکەوە قسان بکەن	بەیەکەو قسە بکەن
Man, do you stop it or not?	ئەرێ بابە واز دێنی یان نە	ئەرێ بابە واز دێنی یان نە	ئەرێ بابە وازم لێدەینی یان نا	ئەرێ بابە لە کۆڵ دەبیەوە یان نا	ئەرێ باوا واز تێری یا نە
Take it away, that's childish	لایبەرە ئەوە مناڵانەیە	لایبەرە ئەوە مناڵانەیە	لایبە لا ئەوە مندارانەیە	لایبە لا ئەوە منداڵانەیە	لایوە دەی ئەوە مناڵانەس
God, how can I tell him?	ئەی هاوار چۆن پێی بڵێم	ئەی هاوار چۆن پێی بڵێم	ئەی هاوار کوو پیێ برێم 	ئەی هاوار چۆنی پێ بڵێم	ئەی هاوار چۆن پێ بێژم
Woman becomes annoyed, woman became vexed. Man gets angry.	ژن زیز ئەبێ ژن عاجز بوو. پیاو تووڕە ئەبێ.	ژن زیز ئەبێ ژن عاجز بوو. پیاو تووڕە ئەبێ.	ژن زیز دەبی ژن عاجز بوو. پیاو تووڕە دەبی.	ژن زیز دەبێ ژن عاجز بوو. پیاو تووڕە دەبێ.	ژن گیز ئەکا ژن عاجز ئەوێ. پیاگ تووڕە ئەوێ.
Don't worry, I am not going to the city this late in the night.	مەترسن بەو شەوە ناچم بۆ شار دڵنیا بن	مەترسن بەو شەوە ناچم بۆ شار دڵنیا بن	مەترسێن بەو شەوەی ناچمە شاری تەئکید بن	مەترسێن بەو شەوەی ناچمە شاری خاترجەم بن	مەترسن بەو شەوە ناچم بۆ شار خاترجەم بن
Just forget about it! What should you care? Just forget about it.	کورە دە لێی گەڕێ! عیلاقەت چییە؟ دە لێی گەڕێ	کورە دە لێی گەڕێ! عیلاقەت چییە؟ دە لێی گەڕێ	کورە دە لێی گەڕێ! عیلاقەت چییە؟ دە لێی گەڕێ	کورە دە لێی گەڕێ چت پێداوە دە لێی گەڕێ	کورە دەی وازی لێ بێرا! کارت چەس؟ وازی لێ بێرا
Whoever comes, that's the list I've written. Give it to him.	هەر کەسێک هات، ئەوە لیستەکەم نووسیوە. بیداتێ.	هەر کەسێک هات، ئەوە لیستەکەم نووسیوە. بیاتێ.	هەر کەسەک هات، ئەوە لیستەکەم نووسیە. بیداتێ.	هەر کەسەک هات، ئەوە لیستەکەم نووسیوە. بیداتێ.	هەر کەسێک هات، ئەوە لیستەکەم نووسیگە. بیات پێ.
You stupid, why don't you understand that a hundred people wish to join.	کورە گەوجە تۆ بۆ حاڵی نابی سەد کەس ئاواتەخوازن بێن	کورە گەوجە تۆ بۆ حاڵی نابی سەد کەس ئاواتەخوازن بێن	کورە گەوجە ئەتوو لۆ حاڵی نابی سەد کەس ئاواتی دەخوازن بێن	کورە گەوجە تۆ بۆ حاڵی نابی سەد کەس ئاواتەخوازن بێن	کورە گەوجە تۆ بۆچە حاڵی ناوی سە کەس ئاواتەخوازن بێن
Damn it! I swear it just disappeared now.	ئەی قوڕم بەسەر! بەخودا ئێستە لێم ون بوو	ئەی قوڕم بەسەر! بەخودا ئێستە لێم ون بوو	ئەی قوڕم بە سەر! بەخوای ئێستا لێم بزر بوو	ئەی قوڕم بە سەر! بەخودای ئەلحان لێم ون بوو	ئەی هەڕگ بە سەرم! بەخوا ئایسە گوم بوو لێم
And what do the neighbors say?	ئەی جیرانەکان ئەلێن چی؟	ئەی جیرانەکان ئەلێن چی؟	ئەی جیرانەکان دەرێن چ؟	ئەی جیرانەکان دەلێن چی؟	ئەی هاوساکان ئەیژن چە؟
And the other one has called and says a glass is broken.	ئەی ئەوی تر نووکەی کردووە ئەڵێ شووشە شکاوە	ئەی ئەوی تر نووکەی کردووە ئەڵێ شووشە شکاوە	ئێ ئەوی دیکە نووکەی لێدا دەرێ شووشە شکایە	ئێ ئەوی دیکە زەنگی لێدا دەڵێ شووشە شکاوە	ئەی ئەوەی تر زەنگی داگە ئەیژێ شیشە شکیاگە
They don't let us be embarrassed in front of everyone.	ناهێڵین شەرمەزاری خەڵک بین	ناهێڵین شەرمەزاری خەڵک بین	ناهێلین شەرمەزاری خەڵکی بین	ناهێڵین شەرمەزاری خەڵکی بین	نایڵن شەرمەندەی خەڵک بین
I should go today and get some money from them.	ئەبێ ئەمڕۆ بچم پارەیشیان لێ وەرگرم	ئەبێ ئەمڕۆ بچم پارەیشیان لێ وەرگرم	دەبی ئەوڕۆ بچم پارەشیان لێ وەرگرم	دەبێ ئەوڕۆ بچم پوڵیشیان لێ وەرگرم	ئەشێ ئیمڕۆ بچم پووڵیشیان لێ بسێنم
So stand up and call them.	دە هەڵسە تەلیفۆنێکی بۆ بکە	دە هەڵسە تەلیفۆنێکی بۆ بکە	دە هەستە تەلەفۆنەکی لۆ بکە	دە هەستە زەنگێکی بۆ لێدە	دەی هەڵسە زەنگێکیان بۆ لێ بە
That we smuggle and get strayed but god had mercy on us	قاچاخ بکەین و دەربەدەر بین کەچی خوا ڕەحمی پێ کردین	قاچاخ بکەین و دەربەدەر بین کەچی خوا ڕەحمی پێ کردین	قاچاخ بکەین و دەربەدەر بین کەچی خوا ڕەحمی پێ کردین	قاچاخ بکەین و دەربەدەر بین کەچی خودا ڕەحمی پێ کردین	قاچاخ بکەین و دەربەدەر بین جا خوا ڕەحمی پێمان کرد
Thank you very much! Of course you embarrassed me	ماڵتان ئاوا بێ! ئەرێ وەڵڵا ئابڕووتان بردم	ماڵتان ئاوا بێ! ئەرێ وەڵڵا ئابڕووتان بردم	مارتان ئاوا بی! ئەرێ وەڵا حەیاتان بردم	ماڵوو بەقوڕێ نەگیرێ! ئەرێ وەڵا ئابڕووتان بردم	ماڵتان ئاوا بێ! ئەرێ وەڵڵا ئاوڕوومتان برد
Man, what has happened to you? Don't worry.	ئەوە کاکە بۆ وات لێ هات؟ خەفەت مەخۆ	ئەوە کاکە بۆ وات لێ هات؟ خەفەت مەخۆ	ئەوە کاکە لۆ وەهات لێ هات؟ خەمێ مەخۆ	ئەوە کاکە بۆ وات لێ هات؟ خەمێ مەخۆ	ئەوە کاکە بۆچە واتە لێ هات؟ خەفەت مەخوە
Is it allowed to take it inside?	ئیجازە هەیە بێینە ژوورەوە؟	ئیجازە هەیە بێینە ژوورەوە؟	ئیجازە هەیە بێینە ژۆرێ	ئیجازە هەیە بێینە ژوورێ؟	ئیجازە هەس بینە ماڵەو؟
Well if they are coming, they are not going to eat us, wait a bit.	کورە خۆ دێن نامانخۆن بوەستە تۆزێک	کورە خۆ دێن نامانخۆن بوەستە تۆزێک	کورە خۆ دێن نامانخۆن ڕاوەستە هەندەک	کورە خۆ دێن نامانخۆن ڕاوەستە بڕێک	کورە خۆ تێن نامانخوەن بێسە چکێک
No, no, don't worry. It's alright, god is great.	نا نا مەگری هیچ نییە خوا گەورەیە	نا نا مەگری هیچ نییە خوا گەورەیە	نا نا مەگریێ هیچ نییە خوا گەورەیە	نا نا مەگری هیچ نییە خودا گەورەیە	نا نا مەگیرە هیچێ نییە خوا گەورەس
What do you care how many numbers I have?	تۆ عیلاقەت چییە چەن ژمارەم پێیە؟	تۆ عیلاقەت چییە چەن ژمارەم پێیە؟	ئەتوو حەقت چییە چەند ژمارەم پێیە؟	تو چ کارت داوە چەند ژمارەم پێیە؟	تۆ کارت چەس چەن شومارەم هەس؟
They used to take my blood twice a day.	لە ڕۆژێکدا دوو جار خوێنیان لێ ئەگرتم	لە ڕۆژێکا دوو جار خوێنیان لێ ئەگرتم	لە ڕۆژەکی دوو جار خینیان لێ وەردەگرتم	لە ڕۆژێکدا دوو جاریان خێن لێ دەگرتم	لە ڕۆژێکا دوو ڕا خوێنیان لێم ئەگرت
You bastard, I'll come and kick your ass so that you never get better again	هەتیو هەڵسم یەک شەقت تێهەڵئەدەم بە هیچ چاک نەبیتەوە	هەتیو هەڵسم یەک شەقو تێهەڵئەیەم بە هیچ چا نەبیتەوە	هەتیم هەرستم یەک شەقت لێدەدەم بە هیچ چا نەبیەوە	هەتیو هەڵدەستم یەک شەقت تێهەڵدەدەم بە هیچ چا نەبیتەوە	هەتیم هەڵئەسم یەک شەقو لێ ئام بە هیچێ خاسەو نەوی
They did makeup for him when he came back.	تەجمیلیان بۆ کرد کە هاتەوە	تەجمیلیان بۆ کرد کە هاتەوانێ	تەجمیلیان لۆ کرد کە هاتەوە	ئاڕایشیان کرد ئەگەر هاتەوە	ئارایشیان کرد وەختێ هاتەو
There are some such policies that are not worth a cress.	هەندێک سیاسەتی وا هەیە لەتێ تووری قوڕاوی ناهێنێ	هەنێ سیاسەتی وا هەیە لەتێ تووری قوڕاوی ناهێنێ	هەندەک سیاسەتی وا هەیە پارچە توورەکی قوڕاوی ناهینی	هەندێک سیاسەتی وا هەیە لەتێک تووری قوڕاوی ناهێنێ	بەعزێ سیاسەت هەس لەتە ترپێک هەڕگاوی ناژیت
I swear you to your father, what to you mean by that?	جا تو تەڵاقی باوکت، تو مەبەستت چییە لەو قسەیە؟	جا تو تەڵاقی باوکو، تو مەخسەو چییە لەو قسەیە؟	جا تو تەراقی بابت، مەخسەدت چییە لەو قسەیەی؟	جا توو تەڵاقی بابت، مەنزوورت چییە لەو قسەیە؟	جا تو تەڵاق باوکو، مەنزوورت چەس لەو قسە؟
Then how can I make you understand?	جا چۆنتان تێبگەیەنم ئێستا	جا چۆنتان تێگەیەنم ئێستا	ئەوجە کووتان تێبگەیەنم ئێستا	جا چۆنتان تێگەیەنم ئێستا	جا چۆن حاڵی بکەم ئیسە
Well, nothing, they have an electricity problem	وەڵای هیچ نییە موشکیلەی کارەبایان هەیە	وەڵای هیچ نییە موشکیلەی کارەبایان هەیە	وەڵای هیچ نییە مشکیلەی کارەبایان هەیە	وەڵا هیچ نێ موشکیلی بەرقیان هەیە	وەڵا هیچ نییە موشکڵ بەرقیان هەس
Give him a gift as he won	هەدیەیەکی بدەرێ مادەم بردوویەتەوە	هەدیەیەکی بدەرێ مادەم بردوویەتەوە	هەدیەکی بدێ مادەم بردیتیەوە	هەدیەیەکی دەیە ئەگەر بردوویەتەوە	هەدیەیکی پێ بە ئەگەر بردگیەسەو
Then I came from there and he was saying hi to you.	ئینجا بەوێدا هاتم سەلامی لە تۆ ئەکرد.	ئینجا بەوێا هاتم سەلامی لە تۆ ئەکرد.	ئەوجە بەوێدا هاتم سەلامی لە توو دەکرد.	جا ئەوێدا هاتم سەلامی لە تۆ دەکرد.	جا لێنەو هاتم سڵامی لە تۆ ئەکرد.
My dear! I came surreptitiously so that no one would see me.	حەیاتم! ئەوە بە دزی هاتوومە هەتا کەس نەمبینێ	حەیاتم! ئەوە بە دزی هاتوومە هەتا کەس نەمبینێ	حەیاتم! ئەوە بە دزی هاتیمە هەتا کەس نەمبینی	کەسم! ئەوە بە دزی هاتوومە هەتا کەس نەمبینێ	گیانەکەم! ئەوە بە دزی هاتگم هەتا کەس نەموێنێ